M,D,S,N,T,V,S,S,F,Q,V,D,C,F,L,W,H,V,R,K,R,F,A,D,Q,E,L,G,D,A,P,F,L,D,R,L,R,R,D,Q,K,S,L,R,G,R,G,N,T,L,G,L,D,I,E,T,A,T,R,A,G,K,Q,I,V,E,R,I,L,E,E,E,S,D,E,?,?,?,?,?,A,L,K,M,?,?,?,?,?,P,?,?,?,?,?,T,S,R,Y,L,T,D,M,T,L,E,E,M,S,R,D,W,F,M,L,M,P,K,Q,K,V,A,G,S,L,C,I,K,M,D,Q,A,I,M,D,K,T,I,I,L,K,A,N,F,S,V,I,F,D,R,L,E,T,L,I,L,L,R,A,F,T,E,E,G,A,I,V,G,E,I,S,P,L,P,S,L,P,G,H,T,G,E,D,V,K,N,A,?,I,G,V,L,I,G,G,L,E,W,N,D,N,T,V,R,V,S,E,T,I,Q,R,Y,A,W,R,S,S,N,E,D,G,R,L,P,L,L,P,N,Q,K,R,K,M,A,R,T,T,E,S,E,V,?,?,?,?,?,?,?,?,1,1
M,D,S,N,T,V,S,S,F,Q,V,D,C,F,L,W,H,V,R,K,R,F,A,D,Q,E,L,G,D,A,P,F,L,D,R,L,R,R,D,Q,K,S,L,R,G,R,G,N,T,L,G,L,D,I,E,T,A,T,R,A,G,K,Q,I,V,E,R,I,L,D,E,E,P,D,E,?,?,?,?,?,A,L,K,M,?,?,?,?,?,P,?,?,?,?,?,T,S,R,Y,L,T,E,M,T,L,E,E,M,S,R,D,W,F,M,L,M,P,K,Q,K,V,V,G,S,L,C,I,K,M,D,Q,A,I,M,D,K,T,I,I,L,K,A,N,F,S,V,I,F,D,R,L,E,T,L,I,L,L,R,A,F,T,E,E,G,A,I,V,G,E,I,S,P,L,P,S,L,P,G,H,T,G,E,D,V,K,N,A,?,I,G,V,L,I,G,G,L,E,W,N,D,N,T,V,R,V,S,E,I,I,Q,R,F,A,W,R,S,S,D,E,G,G,R,L,P,L,P,P,N,Q,K,R,K,L,A,R,A,I,E,S,E,V,?,?,?,?,?,?,?,?,1,1
M,D,S,N,T,V,S,S,F,Q,V,D,C,F,L,W,H,V,R,K,R,F,A,D,Q,E,L,G,D,A,P,F,L,D,R,L,R,R,D,Q,K,S,L,R,G,R,G,N,T,L,G,L,D,I,E,T,A,T,R,A,G,K,Q,I,V,E,R,I,L,E,E,E,S,D,K,?,?,?,?,?,A,L,T,M,?,?,?,?,?,P,?,?,?,?,?,A,S,R,Y,L,T,D,M,T,L,E,E,M,S,R,D,W,F,M,L,M,P,K,Q,K,V,A,G,S,L,C,I,K,M,D,Q,A,I,M,D,K,V,I,I,L,K,A,N,F,S,V,I,F,D,R,L,E,T,L,I,L,L,R,A,F,T,E,E,G,A,I,V,G,E,I,S,P,L,P,S,L,P,G,H,T,G,E,D,V,K,N,A,?,I,G,V,L,I,G,G,L,E,W,N,D,N,T,V,R,V,T,E,T,I,Q,R,F,A,W,R,S,S,D,E,D,G,R,L,P,L,P,P,N,Q,K,R,K,M,A,R,T,I,E,S,E,V,?,?,?,?,?,?,?,?,1,1
M,D,S,N,T,I,T,S,F,Q,V,D,C,Y,L,W,H,I,R,K,L,L,S,M,R,D,M,C,D,A,P,F,D,D,R,L,K,R,D,Q,K,A,L,K,G,R,G,S,T,L,G,L,D,L,R,V,A,T,M,E,G,K,K,I,V,E,D,I,L,K,S,E,T,D,E,?,?,?,?,?,N,L,K,I,A,I,A,S,S,P,?,?,?,?,?,A,P,R,Y,I,T,D,M,S,I,E,E,I,S,R,E,W,Y,M,L,M,P,R,Q,K,I,T,G,G,L,M,V,K,M,D,Q,A,I,M,D,K,R,I,I,L,K,A,N,F,S,V,L,F,D,Q,L,E,T,L,V,S,L,R,A,F,T,D,D,G,A,I,V,A,E,I,S,P,I,P,S,M,P,G,H,S,T,E,D,V,K,N,A,?,I,G,I,L,I,G,G,L,E,W,N,D,N,S,I,R,A,S,E,N,I,Q,R,F,A,W,G,V,R,D,E,N,G,G,P,P,L,P,P,K,Q,K,R,Y,M,A,R,R,V,E,S,E,V,?,?,?,?,?,?,?,?,0,0
M,D,S,N,T,V,S,S,F,Q,V,D,C,F,L,W,H,V,R,K,R,F,A,D,Q,E,L,G,D,A,P,F,L,D,R,L,R,R,D,K,K,S,L,R,G,R,G,N,T,L,G,L,D,I,E,T,A,T,R,A,G,K,Q,I,V,E,R,I,L,E,E,E,S,D,E,?,?,?,?,?,A,L,K,M,?,?,?,?,?,P,?,?,?,?,?,T,S,R,Y,L,T,D,M,T,L,E,E,M,S,R,D,W,F,M,L,M,P,K,Q,K,A,A,G,S,L,C,I,K,M,D,Q,A,I,M,D,K,T,I,I,L,K,A,N,F,S,V,I,F,D,R,L,E,T,L,I,L,L,R,A,F,T,E,E,G,A,I,V,G,E,I,S,P,L,P,S,L,P,G,H,T,G,E,D,V,K,N,A,?,I,G,V,L,I,G,G,L,E,W,N,D,N,T,V,R,V,S,E,T,I,Q,R,F,A,W,R,S,S,D,E,G,G,R,L,P,L,P,P,N,Q,K,R,K,M,A,R,T,I,E,S,E,V,?,?,?,?,?,?,?,?,1,1
M,D,S,N,T,I,T,S,F,Q,V,D,C,Y,L,W,H,I,R,K,L,L,S,M,R,D,M,C,D,A,P,F,D,D,R,L,R,R,D,Q,K,A,L,K,G,R,G,S,T,L,G,L,D,L,R,V,A,T,M,E,G,K,K,I,V,E,D,I,L,K,S,E,T,D,E,?,?,?,?,?,N,L,K,V,A,I,A,S,S,P,?,?,?,?,?,A,P,R,Y,I,T,D,M,S,I,E,E,I,S,R,E,W,Y,M,L,M,P,R,Q,K,V,T,G,G,L,M,V,K,M,D,Q,A,I,M,D,K,R,I,I,L,K,A,N,F,S,V,L,F,D,Q,L,E,T,L,V,S,L,R,A,F,T,E,D,G,A,I,V,A,E,I,S,P,I,P,S,M,P,G,H,S,T,E,D,V,K,N,A,?,I,G,I,L,I,G,G,L,E,W,N,D,N,S,I,R,A,S,E,N,I,Q,R,F,A,W,G,I,R,D,E,N,G,G,P,P,L,P,P,K,Q,K,R,Y,M,A,R,R,V,E,S,E,V,?,?,?,?,?,?,?,?,0,0
M,D,S,N,T,I,T,S,F,Q,V,D,C,Y,L,W,H,I,R,K,L,L,S,M,R,D,M,C,D,A,P,F,D,D,R,L,R,R,D,Q,K,A,L,K,G,R,G,S,T,L,G,L,D,L,R,V,A,T,M,E,G,K,K,I,V,E,D,I,L,K,S,E,T,D,E,?,?,?,?,?,N,L,K,I,A,I,A,S,S,P,?,?,?,?,?,A,P,R,Y,I,T,D,M,S,I,E,E,I,S,R,E,W,Y,M,L,M,P,R,Q,K,I,T,G,G,L,M,V,K,M,D,Q,A,I,M,D,K,R,I,I,L,K,A,N,F,S,V,L,F,D,Q,L,E,T,L,V,S,L,R,A,F,T,D,D,G,A,I,V,A,E,I,S,P,I,P,S,M,P,G,H,S,T,E,D,V,K,N,A,?,I,G,I,L,I,G,G,L,E,W,N,D,N,S,I,R,A,S,E,N,I,Q,R,F,A,W,G,V,R,D,E,N,G,G,P,P,L,P,P,K,Q,K,R,Y,M,A,R,R,V,E,S,E,V,?,?,?,?,?,?,?,?,0,0
M,D,S,N,T,V,S,S,F,Q,V,D,C,F,L,W,H,V,R,K,R,F,A,D,Q,E,L,G,D,A,P,F,L,D,R,L,R,R,D,Q,K,S,L,R,G,R,G,S,T,L,G,L,D,I,E,T,A,T,R,A,G,K,Q,I,V,E,R,I,L,E,E,E,S,D,E,?,?,?,?,?,A,L,K,M,T,I,A,S,V,P,?,?,?,?,?,A,S,R,Y,L,T,D,M,T,L,E,E,M,S,R,D,W,F,M,L,M,P,K,Q,K,V,A,G,S,L,C,I,R,M,D,Q,A,I,M,D,K,N,I,I,L,K,A,N,F,S,V,I,F,D,R,L,E,T,L,I,L,L,R,A,F,T,G,E,G,A,I,V,G,E,I,S,P,L,P,S,L,P,G,H,T,D,E,D,V,K,N,A,?,I,G,V,L,I,G,G,L,E,W,N,D,N,T,V,R,V,S,E,T,L,Q,R,F,A,W,R,S,S,N,E,D,G,R,P,P,L,P,P,K,Q,K,R,K,M,A,R,T,I,E,S,E,V,?,?,?,?,?,?,?,?,0,0
M,D,S,N,T,V,S,S,F,Q,V,D,C,F,L,W,H,V,R,K,R,F,A,D,Q,E,L,G,D,A,P,F,L,D,R,L,R,R,D,Q,K,S,L,R,G,R,G,S,T,L,G,L,D,I,E,T,A,T,R,A,G,K,Q,I,V,E,R,I,L,E,E,E,S,D,E,?,?,?,?,?,A,L,K,M,T,I,A,S,V,P,?,?,?,?,?,A,S,R,Y,L,T,D,M,T,L,E,E,M,S,R,D,W,F,M,L,M,P,K,Q,K,V,A,G,S,L,C,I,R,M,D,Q,A,I,M,D,K,N,I,I,L,K,A,N,F,S,V,I,F,D,R,L,E,T,L,I,L,L,R,A,F,T,E,E,G,A,I,V,G,E,I,S,P,L,P,S,L,P,G,H,T,D,E,D,V,K,N,A,?,I,G,V,L,I,G,G,L,E,W,N,D,N,T,V,R,V,S,E,T,L,Q,R,F,A,W,R,S,G,N,E,D,G,R,P,P,L,P,P,K,Q,K,R,K,M,A,R,T,I,E,S,E,V,?,?,?,?,?,?,?,?,0,0
M,D,S,N,T,V,S,S,F,Q,V,D,C,F,L,W,H,V,R,K,R,F,A,D,Q,E,L,G,D,A,P,F,L,D,R,L,R,R,D,Q,K,S,L,R,G,R,G,N,T,L,G,L,D,I,E,T,A,T,R,A,G,K,Q,I,V,E,R,I,L,D,E,E,P,D,E,?,?,?,?,?,A,L,K,M,?,?,?,?,?,P,?,?,?,?,?,T,S,R,Y,L,T,E,M,T,L,E,E,M,S,R,D,W,F,M,L,M,P,K,Q,K,V,M,G,S,L,C,I,K,M,D,Q,A,I,M,D,K,T,I,I,L,K,A,N,F,S,V,I,V,D,R,L,E,T,L,I,L,L,R,A,F,T,E,E,G,A,I,V,G,E,I,S,P,L,P,S,L,P,G,H,T,G,E,D,V,K,N,A,?,I,G,V,L,I,G,G,L,E,W,N,D,N,T,V,R,V,S,E,I,I,Q,R,F,A,W,R,N,S,D,E,G,G,R,L,P,L,P,P,N,Q,K,R,K,L,A,R,A,I,E,S,E,V,?,?,?,?,?,?,?,?,1,1
M,D,S,N,T,V,S,S,F,Q,V,D,C,F,L,W,H,V,R,K,R,F,A,D,Q,E,L,G,D,A,P,F,L,D,R,L,R,R,D,Q,K,S,L,R,G,R,G,N,T,L,G,L,D,I,E,T,A,T,R,A,G,K,Q,I,V,E,R,I,L,E,E,E,S,D,E,?,?,?,?,?,A,L,K,M,?,?,?,?,?,P,?,?,?,?,?,A,S,R,Y,L,T,D,M,T,L,E,E,M,S,R,D,W,F,M,L,M,P,K,Q,K,V,A,G,S,L,C,I,K,M,D,Q,A,I,M,D,K,T,I,I,L,K,A,N,F,S,V,I,F,D,R,L,E,T,L,V,L,I,R,A,F,T,E,E,G,A,I,V,G,E,I,S,P,L,P,S,L,P,G,H,N,D,E,D,V,K,N,A,?,I,G,V,L,I,G,G,L,E,W,N,D,N,T,V,R,V,S,E,T,I,Q,R,F,A,W,R,S,S,D,E,G,G,R,P,P,L,P,P,N,Q,K,R,K,M,A,R,T,I,E,S,E,V,?,?,?,?,?,?,?,?,1,1
M,D,S,N,T,I,T,S,F,Q,V,D,C,Y,L,W,H,I,R,K,L,L,S,M,S,D,M,C,D,A,P,F,D,D,R,L,R,R,D,Q,K,A,L,K,G,R,G,S,T,L,G,L,D,L,R,V,A,T,M,E,G,K,K,I,V,E,D,I,L,K,S,E,T,N,E,?,?,?,?,?,N,L,K,I,A,I,A,S,S,P,?,?,?,?,?,A,P,R,Y,V,T,D,M,S,I,E,E,M,S,R,E,W,Y,M,L,M,P,R,Q,K,I,T,G,G,L,M,V,K,M,D,Q,A,I,M,D,K,R,I,I,L,K,A,N,F,S,V,L,F,D,Q,L,E,T,L,V,S,L,R,A,F,T,E,S,G,A,I,V,A,E,I,S,P,I,P,S,V,P,G,H,S,T,E,D,V,K,N,A,?,I,G,I,L,I,G,G,L,E,W,N,D,N,S,I,R,A,S,E,N,I,Q,R,F,A,W,G,I,R,D,E,N,G,G,P,S,L,P,P,K,Q,K,R,Y,M,A,K,R,V,E,S,E,V,?,?,?,?,?,?,?,?,1,0
M,D,S,N,T,V,S,S,F,Q,V,D,C,F,L,W,H,V,R,K,R,F,A,D,Q,E,L,G,D,A,P,F,L,D,R,L,R,R,D,Q,K,S,L,R,G,R,G,S,T,L,G,L,D,I,E,T,A,T,R,A,G,K,Q,I,V,E,R,I,L,E,E,E,S,D,E,?,?,?,?,?,A,L,K,M,T,I,A,S,V,P,?,?,?,?,?,A,S,R,Y,L,T,D,M,T,L,E,E,M,S,R,D,W,F,M,L,M,P,K,Q,K,V,A,G,S,L,C,I,R,M,D,Q,A,I,M,D,K,N,I,I,L,K,A,N,F,S,V,I,F,D,R,L,E,T,L,I,L,L,R,A,F,T,E,E,G,A,I,V,G,E,I,S,P,L,P,S,L,P,G,H,T,D,E,D,V,K,N,A,?,I,G,V,L,I,G,G,F,E,W,N,D,N,T,V,R,V,S,E,T,L,Q,R,F,A,W,R,S,S,N,E,D,G,R,P,P,L,P,P,K,Q,K,R,K,M,A,R,T,T,E,S,E,V,?,?,?,?,?,?,?,?,0,0
M,D,S,N,T,V,S,S,F,Q,V,D,C,F,L,W,H,V,R,K,R,F,A,D,Q,E,R,G,D,A,P,F,L,D,R,L,R,R,D,Q,K,S,L,R,G,R,G,S,T,L,G,L,D,I,K,T,A,T,R,E,G,K,R,I,V,E,Q,I,L,E,G,E,S,D,E,?,?,?,?,?,T,L,K,M,T,I,A,S,V,P,?,?,?,?,?,A,S,R,Y,I,T,D,M,T,L,E,E,M,S,R,D,W,L,M,L,M,P,K,Q,K,I,A,G,S,L,C,I,R,M,D,Q,A,I,L,N,K,T,I,T,L,K,A,N,F,S,V,T,F,D,R,L,E,T,L,I,L,L,R,A,F,T,E,E,G,A,I,V,G,E,I,S,P,L,P,S,L,P,G,H,T,D,E,D,V,K,N,A,?,I,G,V,L,I,G,G,L,E,W,N,D,N,A,V,R,V,S,E,A,L,Q,R,F,A,W,R,S,S,N,E,D,G,G,P,P,L,S,S,K,Q,K,R,K,V,A,R,T,I,E,P,E,V,?,?,?,?,?,?,?,?,0,0
M,D,S,N,T,V,S,S,F,Q,V,D,C,F,L,W,H,V,R,K,R,F,A,D,Q,E,L,G,D,A,P,F,L,D,R,L,R,R,D,Q,K,S,L,R,G,R,G,S,T,L,G,L,D,I,E,T,A,T,R,A,G,K,Q,I,V,E,R,I,L,E,E,E,S,D,E,?,?,?,?,?,A,L,K,M,T,I,A,S,V,P,?,?,?,?,?,A,S,R,Y,L,T,D,M,T,L,E,E,M,S,R,D,W,F,M,L,M,P,K,Q,K,V,A,G,S,L,C,I,R,M,D,Q,A,I,M,D,K,N,I,I,L,K,A,N,F,S,V,I,F,D,R,L,E,T,L,I,L,L,R,A,F,T,E,E,G,A,I,V,G,E,I,S,P,L,P,S,L,P,G,H,T,D,E,D,I,K,N,A,?,I,G,V,L,I,G,G,L,E,W,N,D,N,T,V,R,V,S,E,T,L,Q,R,F,A,W,R,S,S,N,E,D,G,R,P,P,L,P,P,K,Q,K,R,K,M,A,R,T,I,E,S,E,V,?,?,?,?,?,?,?,?,0,0
M,D,S,N,T,V,S,S,F,Q,V,D,C,F,L,W,H,V,R,K,R,F,A,D,Q,E,M,G,D,A,P,F,L,D,R,L,R,R,D,Q,K,S,L,G,G,R,G,S,T,L,G,L,H,I,E,T,A,T,R,A,G,K,Q,I,V,E,P,I,L,E,E,E,S,D,E,?,?,?,?,?,A,L,K,M,T,I,A,S,A,P,?,?,?,?,?,A,S,R,Y,L,P,D,M,T,L,E,E,M,S,R,D,W,F,M,L,M,P,K,Q,K,V,A,G,S,L,C,I,R,M,D,Q,A,I,M,D,K,N,I,T,L,K,A,N,F,S,I,I,F,D,R,L,E,T,L,I,L,L,R,A,F,T,E,E,G,A,I,V,G,E,I,S,P,L,P,S,L,P,G,H,T,D,E,D,V,K,N,A,?,I,G,V,L,I,G,G,L,E,W,N,D,N,T,V,R,D,S,E,T,L,Q,R,F,A,W,R,S,S,N,E,D,R,R,P,P,L,P,T,K,Q,K,R,K,M,A,R,T,I,E,S,E,V,?,?,?,?,?,?,?,?,1,0
M,D,S,N,T,V,S,S,F,Q,V,D,C,F,L,W,H,V,R,K,R,F,A,D,Q,E,L,G,D,A,P,F,L,D,R,L,R,R,D,Q,K,S,L,R,G,R,G,N,T,L,G,L,D,I,E,T,A,T,R,A,G,K,Q,I,V,E,R,I,L,E,E,E,S,D,K,?,?,?,?,?,A,L,K,M,?,?,?,?,?,P,?,?,?,?,?,V,S,R,Y,L,T,D,M,T,L,E,E,M,S,R,D,W,F,M,L,M,P,K,Q,K,V,A,G,S,L,C,I,K,M,D,Q,A,I,M,D,K,T,V,I,L,K,A,N,F,S,V,T,F,D,R,L,E,N,L,I,L,L,R,A,F,T,E,G,G,A,I,V,G,E,I,S,P,L,P,S,L,P,G,H,T,G,E,D,V,K,N,A,?,I,G,I,L,I,G,G,L,E,W,N,D,N,T,V,Q,V,T,E,T,I,Q,R,F,A,W,G,S,S,D,E,D,G,R,L,P,L,P,P,N,Q,N,R,K,M,A,R,T,I,E,S,E,V,?,?,?,?,?,?,?,?,1,1
M,D,P,N,T,V,S,S,F,Q,V,D,C,F,L,W,H,V,R,K,R,F,A,D,Q,E,L,G,D,A,P,F,L,D,R,L,R,R,D,Q,K,S,L,R,G,R,G,N,T,L,G,L,D,I,E,T,A,T,C,A,G,K,Q,I,V,E,R,I,L,E,E,E,S,D,E,?,?,?,?,?,A,L,E,M,?,?,?,?,?,P,?,?,?,?,?,A,S,R,Y,L,T,D,M,T,L,E,E,M,S,R,D,W,F,M,L,M,P,K,Q,K,V,A,G,S,L,C,I,K,M,D,Q,A,I,M,D,K,T,I,I,L,K,A,N,F,S,V,I,F,D,R,L,E,T,L,I,L,L,R,A,F,T,E,E,G,A,I,V,G,E,I,S,P,L,P,S,L,S,G,H,T,G,E,D,V,K,N,A,?,I,D,V,L,I,G,G,L,E,W,N,D,N,T,V,R,V,S,E,T,I,Q,R,F,T,W,R,S,S,D,E,G,R,R,L,P,L,P,P,N,Q,K,R,K,M,A,R,T,I,E,S,E,V,?,?,?,?,?,?,?,?,1,1
M,D,S,N,T,V,S,S,F,Q,V,D,C,F,L,W,H,V,R,K,R,F,A,D,Q,E,L,G,D,A,P,F,L,D,R,L,R,R,D,Q,K,S,L,R,G,R,G,N,T,L,G,L,D,I,E,T,A,T,R,A,G,K,Q,I,V,E,R,I,L,E,E,E,S,D,E,?,?,?,?,?,A,L,K,M,?,?,?,?,?,P,?,?,?,?,?,A,S,R,Y,L,T,D,M,T,L,E,E,M,S,R,D,W,F,M,L,M,P,K,Q,K,V,A,G,S,L,C,I,K,M,D,Q,A,I,M,D,K,A,I,I,L,K,A,N,F,S,V,I,F,D,R,L,E,T,L,I,L,L,R,A,F,T,E,E,G,A,I,V,G,E,I,S,P,L,P,S,L,P,G,H,T,G,E,D,V,K,N,A,?,I,G,V,L,I,G,G,L,E,W,N,D,N,T,V,R,V,S,E,T,I,Q,R,F,A,W,R,S,S,D,E,S,G,R,L,P,L,P,P,N,Q,K,R,K,M,A,R,T,I,E,S,E,V,?,?,?,?,?,?,?,?,1,1
M,D,S,N,T,M,L,S,F,Q,V,D,C,F,L,W,Y,V,R,K,R,F,A,D,Q,E,L,G,D,A,P,F,L,D,R,L,R,R,D,Q,K,S,L,R,G,R,G,S,T,L,G,L,D,I,E,T,A,T,R,A,G,K,Q,I,V,E,R,I,L,E,E,E,S,D,E,?,?,?,?,?,A,L,K,M,T,V,A,S,V,P,?,?,?,?,?,S,S,R,Y,L,T,D,M,T,L,E,E,M,S,R,D,W,F,M,L,M,P,K,Q,K,V,A,G,S,L,C,I,K,M,D,Q,A,I,M,D,K,N,I,I,L,K,A,N,F,S,V,I,F,N,R,L,E,A,L,I,L,L,R,A,F,T,E,E,G,A,I,V,G,E,I,S,P,L,P,S,F,P,G,H,T,D,E,D,V,K,N,A,?,I,G,V,L,I,G,G,L,E,W,N,D,N,T,V,R,V,S,E,T,L,Q,R,F,A,W,R,S,S,N,E,D,G,R,P,S,L,P,P,K,Q,K,R,K,M,A,R,T,I,E,S,E,V,?,?,?,?,?,?,?,?,1,0
M,D,S,N,T,V,S,S,F,Q,V,D,C,F,L,W,H,V,R,K,R,F,A,D,Q,E,L,G,D,A,P,F,L,D,R,L,R,R,D,Q,K,S,L,R,G,R,G,N,T,L,G,L,D,I,E,T,A,T,R,V,G,K,Q,I,V,E,R,I,L,D,E,E,S,D,G,?,?,?,?,?,A,F,K,M,?,?,?,?,?,P,?,?,?,?,?,T,S,R,Y,L,T,D,M,T,L,E,E,M,S,R,D,W,F,M,L,M,P,K,Q,K,V,V,G,P,L,C,I,K,M,D,Q,A,M,M,D,K,T,V,I,L,K,A,N,F,S,V,I,F,D,R,L,E,T,L,I,L,L,R,A,F,T,E,E,G,A,I,V,G,E,I,S,P,L,P,S,L,P,G,H,T,S,E,D,V,K,N,A,?,I,G,V,L,I,G,G,L,E,W,N,D,N,T,V,R,I,S,E,T,I,Q,R,F,A,W,R,S,S,D,E,G,G,R,L,P,L,P,P,H,Q,K,R,K,M,A,R,T,I,E,S,E,V,?,?,?,?,?,?,?,?,1,1
M,D,S,N,T,V,S,S,F,Q,V,D,C,F,L,W,H,V,R,K,R,F,A,D,Q,E,L,G,D,A,P,F,L,D,R,L,R,R,D,Q,K,S,L,R,G,R,G,N,T,L,G,L,D,I,E,T,A,T,R,A,G,K,Q,I,V,E,R,I,L,D,E,E,S,D,E,?,?,?,?,?,A,L,K,M,?,?,?,?,?,P,?,?,?,?,?,T,S,R,Y,L,T,D,M,T,L,E,E,M,S,R,D,W,F,M,L,M,P,K,Q,K,V,V,G,S,L,C,I,K,M,D,Q,A,M,M,D,K,T,V,I,L,K,A,N,F,S,V,I,F,D,R,L,E,T,L,I,L,L,R,A,F,T,E,E,G,A,I,V,G,E,I,S,P,L,P,S,L,P,G,H,T,S,E,D,V,K,N,A,?,I,G,V,L,I,G,G,L,E,W,N,D,N,T,V,R,V,S,E,T,I,Q,R,F,A,W,R,S,S,D,E,G,G,R,L,P,L,P,P,N,Q,K,R,E,M,A,R,T,I,E,S,E,V,?,?,?,?,?,?,?,?,1,1
M,D,S,N,T,I,T,S,F,Q,V,D,C,Y,L,W,H,I,R,K,L,L,S,M,R,D,M,C,D,A,P,F,D,D,R,L,R,R,D,Q,K,A,L,K,G,R,S,S,T,L,G,L,D,L,R,V,A,T,M,E,G,K,K,V,V,E,E,I,L,K,N,E,N,D,E,?,?,?,?,?,N,L,R,I,A,I,A,S,S,P,?,?,?,?,?,A,P,R,Y,I,T,D,M,S,I,E,E,I,S,R,E,W,Y,M,L,M,P,R,Q,K,M,A,G,S,L,M,V,K,M,D,Q,A,I,M,N,K,R,I,M,L,K,A,N,F,S,V,L,F,D,Q,M,E,T,L,V,S,L,R,A,F,T,D,D,G,A,I,V,A,E,I,Y,P,I,P,S,M,P,G,H,S,G,E,D,V,K,N,A,?,I,G,I,L,I,G,G,L,E,W,N,D,N,S,I,R,A,S,E,N,I,Q,R,F,A,W,G,V,R,D,E,S,R,G,P,P,F,S,P,K,Q,K,L,Y,M,E,G,R,V,E,S,E,I,?,?,?,?,?,?,?,?,0,0
M,D,S,N,T,V,S,S,F,Q,V,D,C,F,L,W,H,V,R,K,R,F,A,D,Q,E,L,G,D,A,P,F,L,D,R,L,R,R,D,Q,K,S,L,R,G,R,G,N,T,L,G,L,D,I,E,T,A,T,R,A,G,K,Q,I,V,E,R,I,L,E,E,E,S,D,E,?,?,?,?,?,A,L,K,M,?,?,?,?,?,P,?,?,?,?,?,T,S,R,Y,L,T,D,M,T,L,E,E,M,S,R,D,W,F,M,L,M,P,K,Q,K,V,A,G,S,L,C,I,K,M,D,Q,A,I,M,D,K,T,I,I,L,K,A,N,V,S,V,I,F,D,R,L,E,T,L,I,L,L,R,A,F,T,E,E,G,A,I,V,G,E,I,S,P,L,P,S,L,P,G,H,T,G,E,D,V,K,N,A,?,I,G,V,L,I,G,G,L,E,W,N,D,N,T,V,R,V,S,E,T,I,Q,R,Y,A,W,R,S,S,N,E,D,G,R,L,P,L,L,P,N,Q,K,R,K,M,A,R,T,T,E,S,E,V,?,?,?,?,?,?,?,?,1,1
M,D,P,N,T,V,S,S,F,Q,V,D,C,F,L,W,H,V,R,K,R,F,A,D,Q,E,L,G,D,A,P,F,L,D,R,L,R,R,D,Q,K,S,L,K,G,R,G,S,T,L,G,L,D,I,E,T,A,T,R,A,G,K,Q,I,V,E,R,I,L,E,E,E,S,D,E,?,?,?,?,?,A,L,K,M,?,?,?,?,?,P,?,?,?,?,?,A,S,R,Y,L,T,D,M,T,L,E,E,M,S,R,D,W,F,M,L,M,P,K,Q,K,V,A,G,S,L,C,I,K,M,D,Q,A,I,M,D,K,T,I,I,L,K,A,N,F,S,V,I,F,D,R,L,E,T,L,I,L,L,R,A,F,T,E,E,G,A,I,V,G,E,I,S,P,L,P,S,L,P,G,H,T,G,E,D,V,K,N,A,?,I,G,V,L,I,G,G,L,E,W,N,D,N,T,V,R,V,S,E,T,I,Q,R,F,T,W,R,S,S,D,E,D,R,R,L,P,L,P,P,N,Q,K,R,K,M,A,R,T,I,E,S,E,V,?,?,?,?,?,?,?,?,1,1
M,D,S,N,T,V,L,S,F,Q,V,D,C,F,L,W,H,V,R,K,R,F,A,D,Q,E,L,G,D,A,P,F,L,D,R,L,R,R,D,Q,K,S,I,R,G,R,G,N,T,L,G,L,D,I,E,T,A,T,R,A,G,K,Q,I,V,E,R,I,L,E,E,E,S,D,E,?,?,?,?,?,A,L,K,M,?,?,?,?,?,P,?,?,?,?,?,A,S,R,Y,L,T,D,M,T,L,E,E,M,S,R,D,W,F,M,L,M,P,K,Q,K,V,A,G,S,L,C,I,K,M,D,Q,A,I,M,D,K,T,V,I,L,K,A,N,F,S,V,I,F,D,R,L,E,T,L,I,L,L,R,A,F,T,E,E,G,A,I,V,G,E,I,S,P,L,P,S,L,P,G,H,T,G,E,D,V,K,N,A,?,I,G,V,L,I,G,G,L,E,W,N,D,N,T,V,R,V,S,E,T,I,Q,R,F,A,W,R,G,S,D,E,D,G,R,L,P,F,L,P,N,Q,K,R,K,M,A,R,T,I,E,S,E,I,?,?,?,?,?,?,?,?,1,1
M,D,S,N,T,V,S,S,F,Q,V,D,C,F,L,W,H,V,R,K,R,F,A,D,Q,E,L,G,D,A,P,F,L,D,R,L,R,R,D,Q,K,S,L,R,G,R,G,S,T,L,G,L,D,I,E,T,A,T,R,A,G,K,Q,I,V,E,R,I,L,E,E,E,S,D,E,?,?,?,?,?,A,L,K,M,T,I,A,S,V,L,?,?,?,?,?,A,S,R,Y,L,T,D,M,T,L,E,E,M,S,R,D,W,F,M,L,M,P,K,Q,K,V,A,G,S,L,C,I,R,M,D,Q,A,I,M,D,K,N,I,T,L,K,A,N,F,S,V,I,F,D,R,L,E,T,L,I,L,L,R,A,F,T,E,E,G,A,I,V,G,E,I,S,P,L,P,S,L,P,G,H,T,D,E,D,V,K,N,A,?,I,G,V,L,I,G,G,L,E,W,N,D,N,T,V,R,V,S,E,T,L,Q,R,F,A,W,R,G,S,N,E,D,G,R,P,P,L,P,P,K,Q,K,R,K,M,A,R,T,I,E,S,E,V,?,?,?,?,?,?,?,?,0,0
M,D,S,N,T,V,S,S,F,Q,V,D,C,F,L,W,H,V,R,K,R,F,A,D,Q,E,L,G,D,A,P,F,L,D,R,L,R,R,D,Q,K,S,L,R,G,R,G,N,T,L,G,L,D,I,E,T,A,T,R,V,G,K,Q,I,V,E,R,I,L,D,E,E,S,D,G,?,?,?,?,?,A,F,K,M,?,?,?,?,?,P,?,?,?,?,?,T,S,R,Y,L,T,D,M,T,L,E,E,M,S,R,D,W,F,M,L,M,P,K,Q,K,M,V,G,S,L,C,I,K,M,D,Q,A,M,M,D,K,T,V,I,L,K,A,N,F,S,M,I,F,D,R,L,E,T,L,I,L,L,R,A,F,T,E,E,G,A,I,V,G,E,I,S,P,L,P,S,L,P,G,H,T,S,E,D,V,K,N,A,?,I,G,V,L,I,G,G,L,E,W,N,D,N,T,V,R,I,S,E,T,I,Q,R,F,A,W,R,S,S,D,E,G,G,R,L,P,L,P,P,H,Q,K,R,K,M,A,R,T,I,E,S,E,V,?,?,?,?,?,?,?,?,1,1
M,D,S,N,T,V,S,S,F,Q,V,D,C,F,L,W,H,V,R,K,R,F,A,D,Q,E,L,G,D,A,P,F,L,D,R,L,R,R,D,Q,K,S,L,R,G,R,G,N,T,L,G,L,D,I,E,T,A,T,C,A,G,K,Q,I,V,E,R,I,L,E,E,E,S,D,K,?,?,?,?,?,A,L,K,M,?,?,?,?,?,P,?,?,?,?,?,V,S,R,Y,L,T,D,M,T,L,E,E,M,S,R,D,W,F,M,L,M,P,K,Q,K,V,A,G,S,L,C,I,K,M,D,Q,A,I,M,D,K,A,I,I,L,K,A,N,F,S,V,T,F,G,R,L,E,N,L,I,L,L,R,A,F,T,E,E,G,T,I,V,G,E,I,S,P,L,P,S,L,P,G,H,T,G,E,D,V,K,N,A,?,I,G,I,L,I,G,G,L,E,W,N,D,N,T,V,Q,V,T,E,T,I,Q,R,F,A,W,G,S,S,D,E,V,G,R,P,P,L,P,P,N,Q,N,R,K,M,A,G,T,I,E,S,E,V,?,?,?,?,?,?,?,?,1,1
M,D,S,N,T,V,S,S,F,Q,V,D,C,F,L,W,H,V,R,K,R,F,A,D,Q,E,L,G,D,A,P,F,L,D,R,L,R,R,D,Q,K,S,L,R,G,R,G,S,T,L,G,L,D,I,E,T,A,T,R,A,G,K,Q,I,V,E,R,I,L,E,E,E,S,D,E,?,?,?,?,?,A,L,K,M,T,I,A,S,V,P,?,?,?,?,?,A,S,R,Y,L,T,D,M,T,L,E,E,M,S,R,D,W,F,M,L,M,P,K,Q,K,V,A,G,S,L,C,I,R,M,D,Q,A,I,M,D,K,N,I,I,L,K,A,N,F,S,V,I,F,D,R,L,E,T,L,I,L,L,R,A,F,T,E,E,G,A,I,V,G,E,I,S,P,L,P,S,L,P,G,H,T,D,E,D,V,K,N,A,?,I,G,V,L,I,G,G,L,E,W,N,D,N,T,V,R,V,S,E,T,L,Q,R,F,A,W,R,S,S,N,E,D,G,R,P,P,L,P,P,K,Q,K,R,K,V,A,R,T,I,E,S,E,V,?,?,?,?,?,?,?,?,0,0
M,D,S,N,T,I,T,S,F,Q,V,D,C,Y,L,W,H,I,R,K,L,L,S,M,R,D,M,C,D,A,P,F,D,D,R,L,R,R,D,Q,K,A,L,K,G,R,G,S,T,L,G,L,D,L,R,V,A,T,M,E,G,K,K,I,V,E,D,I,L,K,S,E,T,D,E,?,?,?,?,?,N,L,K,I,A,I,A,S,S,P,?,?,?,?,?,A,P,R,Y,I,T,D,M,S,I,E,E,I,S,R,E,W,Y,M,L,M,P,R,Q,K,I,T,G,G,L,M,V,K,M,D,Q,A,I,M,D,K,K,I,I,L,K,A,N,F,S,V,L,F,D,Q,L,E,T,L,V,S,L,R,A,F,T,E,D,G,A,I,V,A,E,I,S,P,I,P,S,M,P,G,H,S,T,E,D,V,K,N,A,?,I,G,I,L,V,G,G,L,E,W,N,D,N,S,I,R,A,S,E,N,I,Q,R,F,A,W,G,I,R,D,E,N,G,G,P,P,L,P,P,K,Q,K,R,Y,M,A,R,R,I,E,S,E,V,?,?,?,?,?,?,?,?,1,0
M,D,S,N,T,I,T,S,F,Q,V,D,C,Y,L,W,H,I,R,K,L,L,S,M,R,D,M,C,D,A,P,F,D,D,R,L,R,R,D,Q,K,A,L,K,G,R,G,S,T,L,G,L,D,L,R,V,A,T,M,E,G,K,K,I,V,E,D,I,L,K,S,E,T,D,E,?,?,?,?,?,N,L,K,I,A,I,A,S,S,P,?,?,?,?,?,A,P,R,Y,I,T,D,M,S,I,E,E,I,S,R,E,W,Y,M,L,M,P,R,Q,K,I,T,G,G,L,M,V,K,M,D,Q,A,I,M,D,K,R,I,I,L,K,A,N,F,S,V,I,F,D,Q,L,E,T,L,V,S,L,R,A,F,T,E,D,G,A,I,V,A,E,I,S,P,I,P,S,M,P,G,H,S,T,E,D,V,K,N,A,?,I,G,I,L,I,G,G,L,E,W,N,D,N,S,I,R,A,S,E,N,I,Q,R,F,A,W,G,V,R,D,E,N,G,G,P,P,L,P,P,K,Q,K,R,Y,M,A,R,R,V,E,S,E,V,?,?,?,?,?,?,?,?,0,0
M,D,S,N,T,I,T,S,F,Q,V,D,C,Y,L,W,H,I,R,K,L,L,S,M,R,D,M,C,D,A,P,F,D,D,R,L,R,R,D,Q,K,A,L,K,G,R,G,S,T,L,G,L,D,L,R,V,A,T,M,E,G,K,K,I,V,E,D,I,L,K,S,E,T,D,E,?,?,?,?,?,N,L,K,I,A,I,A,S,S,P,?,?,?,?,?,A,P,R,Y,V,T,D,M,S,I,E,E,I,S,R,E,W,Y,M,L,M,P,G,Q,K,I,T,G,G,L,V,V,K,M,D,Q,A,I,M,D,K,R,I,I,L,K,A,N,F,S,V,L,F,D,Q,L,E,T,L,V,S,L,R,A,F,T,D,D,G,A,I,V,A,E,I,S,P,F,P,S,I,P,G,H,S,T,E,D,V,K,N,A,?,I,G,I,L,I,G,G,L,E,W,N,D,N,S,I,R,A,S,E,N,I,Q,R,F,A,W,G,V,R,D,E,N,G,G,P,S,L,P,P,E,Q,K,R,Y,M,A,R,R,V,E,S,K,V,?,?,?,?,?,?,?,?,0,0
M,D,S,N,T,V,S,S,F,Q,V,D,C,F,L,W,H,V,R,K,R,F,A,D,Q,E,L,G,D,A,P,F,L,D,R,L,R,R,D,Q,K,S,L,R,G,R,G,N,T,L,G,L,D,I,E,T,A,T,R,A,G,K,Q,I,V,E,R,I,L,E,E,E,S,D,E,?,?,?,?,?,A,M,?,?,?,?,?,?,?,P,?,?,?,?,?,A,S,R,Y,L,T,D,M,T,I,E,E,M,S,R,D,W,F,M,L,M,P,K,Q,K,V,A,G,S,L,C,I,K,M,D,Q,A,I,M,D,K,N,I,I,L,K,A,N,F,S,V,I,F,D,R,L,E,T,L,I,L,L,R,A,F,T,E,E,G,A,I,A,G,E,I,S,P,L,P,S,L,P,G,H,T,D,E,D,V,K,N,A,?,I,G,V,L,I,G,G,L,E,W,N,N,N,T,V,R,V,S,E,T,L,Q,R,V,A,W,R,S,S,D,E,D,G,R,P,P,L,P,P,N,Q,K,R,K,M,A,R,T,I,G,S,E,V,?,?,?,?,?,?,?,?,1,1
M,D,S,N,T,V,S,S,F,Q,V,D,C,F,L,W,H,V,R,K,R,F,A,D,Q,E,L,G,D,A,P,F,L,D,R,L,R,R,D,Q,K,S,L,R,G,R,G,S,T,L,G,L,D,I,E,T,A,T,R,A,G,K,Q,I,V,E,R,I,L,G,E,E,S,D,E,?,?,?,?,?,A,L,K,M,T,V,A,S,V,P,?,?,?,?,?,A,S,R,Y,L,T,D,M,T,L,E,E,M,S,R,D,W,F,M,L,M,P,K,Q,K,V,A,G,S,L,C,I,R,M,D,Q,A,I,M,D,K,N,I,I,L,K,A,N,F,S,V,I,F,D,R,L,E,T,L,I,L,L,R,A,F,T,E,E,G,A,I,V,G,E,I,S,P,L,P,S,L,P,G,H,T,D,E,D,V,K,N,A,?,I,G,V,L,I,G,G,L,E,W,N,D,N,T,V,R,V,S,E,T,L,Q,R,F,A,W,R,S,S,N,E,D,G,R,P,P,L,P,P,K,Q,K,R,K,M,A,R,T,I,E,S,E,V,?,?,?,?,?,?,?,?,0,0
M,D,S,N,T,I,T,S,F,Q,V,D,C,Y,L,W,H,I,R,K,L,L,S,M,R,D,M,C,D,A,P,F,D,D,R,L,R,R,D,Q,K,A,L,K,G,R,G,S,T,L,G,L,D,L,R,V,A,T,M,E,G,K,K,I,V,E,D,I,L,K,S,E,T,D,E,?,?,?,?,?,N,L,K,I,A,I,A,S,S,P,?,?,?,?,?,A,P,R,Y,I,T,D,M,S,I,E,E,I,S,R,E,W,Y,M,L,M,P,R,Q,K,I,T,G,G,L,M,V,K,M,D,Q,A,I,M,D,K,R,I,I,L,K,A,N,F,S,V,L,F,D,Q,L,E,T,L,V,S,L,R,A,F,T,D,D,G,A,I,V,A,E,I,S,P,I,P,S,M,P,G,H,S,T,E,D,V,K,N,A,?,I,G,I,L,I,G,E,L,E,W,N,D,N,S,I,R,A,S,E,N,I,Q,R,F,A,W,G,V,R,D,E,N,G,R,P,P,L,P,P,K,Q,K,R,Y,M,A,R,R,I,E,S,E,V,?,?,?,?,?,?,?,?,0,0
M,D,S,N,T,V,S,S,F,Q,V,D,C,F,L,W,H,V,R,K,R,F,A,D,Q,E,L,G,D,A,P,F,L,D,R,L,R,R,D,Q,K,S,L,R,G,R,G,N,T,L,G,L,D,I,E,T,A,T,R,A,G,K,Q,I,V,E,R,I,L,D,E,E,S,D,E,?,?,?,?,?,A,L,K,M,?,?,?,?,?,Q,?,?,?,?,?,T,S,R,Y,L,T,D,M,T,L,E,E,M,S,R,D,W,F,M,L,M,P,K,Q,K,V,V,G,S,L,C,I,K,M,D,Q,A,I,M,D,K,T,I,I,L,K,A,N,F,S,V,I,F,D,R,L,E,T,L,I,L,L,R,A,F,T,E,E,G,A,I,V,G,E,I,S,P,L,P,S,L,P,G,H,T,S,E,D,V,K,N,A,?,I,G,V,L,I,G,G,L,E,W,N,D,N,T,V,R,V,S,E,T,I,Q,R,F,A,W,R,S,S,D,E,G,G,R,L,P,L,P,P,N,Q,K,R,K,M,A,R,T,I,E,S,E,V,?,?,?,?,?,?,?,?,1,1
M,D,S,N,T,V,S,S,F,Q,V,D,C,F,L,W,H,V,R,K,R,F,A,D,Q,E,L,G,D,A,P,F,L,D,R,L,R,R,D,Q,K,S,L,R,G,R,G,S,T,L,G,L,D,I,E,T,A,T,H,A,G,K,Q,I,V,E,R,I,L,E,E,E,S,D,E,?,?,?,?,?,A,L,K,M,T,I,A,S,V,P,?,?,?,?,?,A,S,R,Y,L,T,D,M,T,L,E,E,M,S,R,D,W,F,M,L,M,P,K,Q,K,V,A,G,S,L,C,I,R,M,D,Q,A,I,M,D,K,N,I,I,L,K,A,N,F,S,V,I,F,D,R,L,E,T,L,I,L,L,R,A,F,T,E,E,G,A,I,V,G,E,I,S,P,L,P,S,L,P,G,H,T,D,E,D,V,K,N,A,?,I,G,V,L,I,G,G,L,E,W,N,D,N,T,V,R,V,S,E,T,L,Q,R,F,A,W,R,S,S,N,E,D,G,R,P,P,L,P,P,K,Q,K,R,K,M,A,R,T,I,E,S,E,V,?,?,?,?,?,?,?,?,0,0
M,D,S,N,T,V,S,S,F,Q,V,D,C,F,L,W,H,V,R,E,R,F,A,D,Q,E,L,G,D,A,P,F,L,D,R,L,R,R,D,Q,K,S,L,R,G,R,G,N,T,L,G,L,D,I,K,T,A,T,R,A,G,K,Q,I,V,E,R,I,L,E,E,E,P,D,E,?,?,?,?,?,A,L,K,M,?,?,?,?,?,P,?,?,?,?,?,T,S,R,Y,L,T,D,M,T,L,E,E,M,S,R,D,W,F,M,L,M,P,K,Q,K,V,A,G,P,L,C,I,K,M,D,Q,A,I,M,D,K,N,I,T,L,K,A,N,F,S,V,I,F,D,R,L,E,T,L,I,L,I,R,A,F,T,E,E,G,T,I,V,G,E,I,S,P,L,P,S,L,P,G,H,T,G,E,D,V,K,N,A,?,I,G,V,L,I,G,G,L,E,W,N,D,N,T,V,R,I,S,E,T,I,Q,R,Y,A,W,R,S,S,D,E,D,G,R,L,P,L,L,P,N,Q,K,W,K,M,A,R,T,I,E,P,E,V,?,?,?,?,?,?,?,?,1,1
M,D,S,N,T,V,S,S,F,Q,V,D,C,F,L,W,H,V,R,K,R,F,A,D,Q,E,L,G,D,A,P,F,L,D,R,L,R,R,D,Q,K,S,L,R,G,R,G,N,T,L,G,L,D,I,E,T,A,T,R,A,G,K,Q,I,V,E,R,I,L,E,E,E,S,D,E,?,?,?,?,?,T,L,K,M,?,?,?,?,?,P,?,?,?,?,?,T,S,R,Y,L,T,D,M,T,L,E,E,M,S,R,D,W,F,M,L,M,P,K,Q,K,V,A,G,S,L,C,I,K,M,D,Q,A,I,M,D,K,T,I,I,L,K,A,N,F,S,V,I,F,D,R,L,E,T,L,I,L,L,R,A,F,T,E,E,G,A,I,V,G,E,I,S,P,L,P,S,L,P,G,H,T,G,E,D,V,K,N,A,?,I,G,V,L,I,G,G,F,E,W,N,D,N,T,V,R,V,S,E,T,I,Q,R,F,A,W,R,S,S,D,E,D,R,R,L,P,L,P,P,N,Q,K,R,K,M,A,R,T,I,G,S,E,V,?,?,?,?,?,?,?,?,1,1
M,D,S,N,T,V,S,S,F,Q,V,D,C,F,L,W,H,V,R,K,R,F,A,D,Q,E,L,G,D,A,P,F,L,D,R,L,R,R,D,Q,K,S,L,R,G,R,G,N,T,L,G,L,D,I,E,T,A,T,R,A,G,K,Q,I,V,E,R,I,L,E,E,E,S,D,E,?,?,?,?,?,A,L,K,M,?,?,?,?,?,P,?,?,?,?,?,A,S,R,Y,L,T,D,M,T,L,E,E,M,S,R,D,W,F,M,L,M,P,K,Q,K,V,T,G,S,L,C,I,K,M,D,Q,A,I,M,D,K,T,I,I,L,K,A,N,F,S,V,I,Y,D,R,L,E,T,L,I,L,L,R,A,F,T,K,E,G,A,I,V,G,E,I,S,P,L,P,S,L,P,G,H,T,N,E,D,V,K,N,A,?,I,G,V,L,I,G,G,L,E,W,N,D,N,T,V,R,V,S,E,I,I,Q,R,F,A,W,R,S,I,G,E,D,G,R,L,P,L,P,P,D,Q,K,R,K,M,A,R,T,I,E,S,K,V,?,?,?,?,?,?,?,?,1,1
M,D,S,N,T,V,S,S,F,Q,V,D,C,F,L,W,H,V,R,K,R,F,A,D,Q,E,L,G,D,A,P,F,L,D,R,L,R,R,D,Q,K,S,L,R,G,R,G,S,T,L,G,L,D,I,E,T,A,T,R,A,G,K,Q,I,V,E,R,I,L,E,E,E,S,N,E,?,?,?,?,?,A,L,K,M,T,I,A,S,V,P,?,?,?,?,?,A,S,R,Y,L,T,D,M,T,L,E,E,M,S,R,D,W,F,I,L,M,P,K,Q,K,V,A,G,S,L,C,I,R,M,D,Q,A,I,M,N,K,N,I,I,L,K,A,N,F,S,V,I,F,D,R,L,E,T,L,I,L,L,R,A,F,T,E,E,G,A,I,V,G,E,I,S,P,L,P,S,L,P,G,H,N,D,E,D,V,K,N,A,?,I,G,V,L,I,G,G,L,E,W,N,D,N,T,V,R,V,S,E,T,L,Q,R,F,A,W,R,S,S,N,E,D,G,R,P,P,L,P,P,K,Q,K,R,K,M,A,R,T,I,E,S,E,V,?,?,?,?,?,?,?,?,0,0
M,D,P,N,T,V,S,S,F,Q,V,D,C,F,L,W,H,V,R,K,R,F,A,D,Q,E,L,G,D,A,P,F,L,D,R,L,R,R,D,Q,K,S,L,R,G,R,S,S,T,L,G,L,D,I,R,T,A,T,R,E,G,K,H,I,V,E,R,I,L,K,E,E,S,D,E,?,?,?,?,?,A,F,K,M,T,I,A,S,V,P,?,?,?,?,?,A,P,R,Y,L,T,D,M,T,L,E,E,M,S,R,D,W,L,M,L,I,P,K,Q,E,V,T,G,S,L,C,I,R,M,D,Q,A,I,V,D,K,N,I,T,L,K,A,N,F,S,V,I,F,N,R,L,E,T,L,I,L,L,R,A,F,T,D,E,G,A,I,V,G,E,I,S,P,L,P,S,L,P,G,H,T,D,K,D,V,K,N,A,?,I,G,V,L,I,G,G,F,E,W,N,G,N,T,V,R,V,S,E,T,L,Q,R,F,A,W,R,S,S,D,E,D,G,R,P,P,L,S,P,K,?,?,?,?,?,?,?,?,?,?,?,?,?,?,?,?,?,?,?,?,?,1,0
M,D,P,N,T,V,S,S,F,Q,V,D,C,F,L,W,H,V,R,K,R,F,A,D,Q,E,L,G,D,A,P,F,L,D,R,L,R,R,D,Q,K,S,L,R,G,R,G,N,T,L,G,L,D,I,E,T,A,T,R,A,G,K,Q,I,V,E,R,I,L,E,E,E,S,D,E,?,?,?,?,?,A,L,K,M,?,?,?,?,?,P,?,?,?,?,?,A,S,R,Y,L,T,D,M,T,L,E,E,M,S,R,D,W,F,M,L,M,P,K,Q,K,V,A,G,S,L,C,I,K,M,D,Q,A,I,M,D,K,T,I,I,L,K,A,N,F,S,V,I,F,D,R,L,E,T,L,I,L,L,R,A,F,T,E,E,G,A,I,V,G,E,I,S,P,L,P,S,L,P,G,H,T,D,E,D,V,K,N,A,?,I,G,V,L,I,G,G,L,E,W,N,D,N,T,V,R,V,S,E,T,I,Q,R,F,A,W,R,S,S,D,E,D,G,R,L,P,L,P,P,N,Q,K,R,K,M,A,R,T,I,E,S,E,V,?,?,?,?,?,?,?,?,1,1
M,D,S,N,T,V,S,S,F,Q,V,D,C,F,L,W,H,V,R,K,R,F,A,D,Q,E,L,G,D,A,P,F,L,D,R,L,R,R,D,Q,K,S,L,R,G,R,G,N,T,L,G,L,D,I,E,T,A,T,R,A,G,K,Q,I,V,E,R,I,L,E,E,E,S,D,E,?,?,?,?,?,A,L,K,M,?,?,?,?,?,P,?,?,?,?,?,A,S,R,Y,L,T,D,M,T,L,E,E,M,S,R,D,W,F,M,L,M,P,K,Q,K,V,T,G,S,L,C,I,K,M,D,Q,A,I,M,D,K,T,I,I,L,K,A,N,F,S,V,I,Y,D,R,L,E,T,L,I,L,L,R,A,F,T,E,E,G,A,I,V,G,E,I,S,P,L,P,S,L,P,G,H,T,N,E,D,V,K,N,A,?,I,G,V,L,I,G,G,L,E,W,N,D,N,T,V,R,V,S,E,I,I,Q,R,F,A,W,R,S,I,D,E,D,G,R,L,P,L,P,P,D,Q,K,R,K,M,A,R,T,I,E,S,K,V,?,?,?,?,?,?,?,?,1,1
M,D,S,N,T,V,S,S,F,Q,V,D,C,F,L,W,H,V,R,K,R,F,A,D,Q,E,L,G,D,A,P,F,L,D,R,L,R,R,D,Q,K,S,L,R,G,R,G,S,T,L,G,L,D,I,E,T,A,T,R,A,G,K,Q,I,V,E,R,I,L,E,E,E,S,D,E,?,?,?,?,?,A,L,K,M,T,I,T,S,V,P,?,?,?,?,?,A,S,R,Y,L,T,D,M,T,L,E,E,M,S,R,D,W,F,M,L,M,P,K,Q,K,V,V,G,S,L,C,I,R,M,D,Q,A,I,M,D,K,N,I,M,L,K,A,N,F,S,V,I,F,N,R,L,E,T,L,I,L,L,R,A,F,T,E,E,G,T,I,V,G,E,I,S,P,L,P,S,L,P,G,H,T,D,E,D,V,K,N,A,?,I,G,V,L,I,G,G,L,E,W,N,D,N,T,V,R,V,S,E,T,L,Q,R,F,A,W,K,S,S,N,E,D,G,R,P,P,L,S,P,K,Q,K,R,K,M,A,R,T,I,E,S,E,V,?,?,?,?,?,?,?,?,0,0
M,D,S,N,T,I,T,S,F,Q,V,D,C,Y,L,W,H,I,R,K,L,L,S,M,R,D,M,C,D,A,P,F,D,D,R,L,R,R,D,Q,K,A,L,K,G,R,G,N,T,L,G,L,D,L,R,V,A,T,M,E,G,K,K,I,V,E,D,I,L,K,S,E,T,D,E,?,?,?,?,?,N,L,K,I,A,I,A,S,S,P,?,?,?,?,?,A,P,R,Y,I,T,D,M,S,I,E,E,I,S,R,E,W,Y,M,L,M,P,R,Q,K,I,T,G,G,L,M,V,K,M,D,Q,A,I,M,D,K,R,I,I,L,K,A,N,F,S,V,L,F,D,Q,L,E,T,L,V,S,L,R,A,F,T,D,D,G,A,I,V,A,E,I,S,P,I,P,S,M,P,G,H,S,T,E,D,V,K,N,A,?,I,G,I,L,I,G,G,L,E,W,N,D,N,S,I,R,A,S,E,N,I,Q,R,F,A,W,G,V,R,D,E,N,G,G,P,P,L,P,P,K,Q,K,R,Y,M,A,R,R,V,E,S,E,V,?,?,?,?,?,?,?,?,0,0
M,D,S,N,T,I,T,S,F,Q,V,D,C,Y,L,W,H,I,R,K,L,L,S,M,R,D,M,C,D,A,P,F,D,D,R,L,R,R,D,Q,K,A,L,K,G,R,G,S,T,L,G,L,D,L,R,V,A,T,M,E,G,K,K,I,V,E,D,I,L,K,S,E,T,D,E,?,?,?,?,?,N,L,K,I,A,I,A,F,S,P,?,?,?,?,?,A,P,R,Y,I,T,D,M,S,I,E,E,I,S,R,E,W,Y,M,L,M,P,R,Q,K,I,T,G,G,L,M,V,K,M,D,Q,A,I,M,D,K,R,I,I,L,K,A,N,F,S,V,L,F,D,Q,L,E,T,L,V,S,L,R,A,F,T,D,D,G,A,I,V,A,E,I,S,P,I,P,S,M,P,G,H,S,T,E,D,V,K,N,A,?,I,G,I,L,I,G,G,L,E,W,N,D,N,S,I,R,A,S,E,N,I,Q,R,F,A,W,G,V,R,D,E,N,G,G,P,P,L,P,P,K,Q,K,R,Y,M,A,R,R,V,E,S,E,V,?,?,?,?,?,?,?,?,0,0
M,D,P,N,T,V,S,S,F,Q,V,D,C,F,L,W,H,V,R,K,R,F,A,D,Q,E,L,G,D,A,P,F,L,D,R,L,R,R,D,Q,K,S,L,R,G,R,G,N,T,L,G,L,D,I,K,T,A,T,R,A,G,K,Q,I,V,E,R,I,L,E,E,E,S,D,E,?,?,?,?,?,A,L,K,M,A,?,L,K,?,P,?,?,?,?,?,T,S,R,Y,L,T,D,M,T,L,E,E,M,S,R,D,W,F,M,L,M,P,K,Q,K,V,A,G,S,L,C,I,K,M,D,Q,A,I,M,D,K,T,I,I,L,K,A,N,F,S,V,I,F,D,R,L,D,T,L,I,L,L,R,A,F,T,E,E,G,A,I,V,G,E,I,S,P,L,P,S,L,P,G,H,T,S,E,D,V,K,N,A,?,I,G,V,L,I,G,G,L,E,W,N,D,N,T,V,R,V,S,E,T,I,Q,R,F,A,W,R,S,S,D,E,D,G,R,L,L,L,P,P,N,Q,K,R,?,?,?,?,?,?,?,?,?,?,?,?,?,?,?,?,?,?,1,1
M,D,S,N,T,V,S,S,F,Q,V,D,C,F,L,W,H,V,R,K,Q,F,A,D,Q,E,L,G,D,A,P,F,L,D,R,L,R,R,D,Q,K,S,L,K,G,R,G,N,T,L,G,L,D,I,E,T,A,T,R,A,G,K,Q,L,V,E,R,I,L,E,E,E,S,D,E,?,?,?,?,?,A,L,K,M,?,?,?,?,?,P,?,?,?,?,?,A,S,R,Y,L,T,D,M,T,L,E,E,M,S,R,D,W,V,M,L,M,P,K,Q,R,V,T,G,S,L,C,I,K,M,D,Q,A,I,M,D,K,I,I,I,L,K,A,N,F,S,V,I,C,G,R,L,E,T,L,I,L,L,R,A,F,T,E,E,G,A,I,V,G,E,I,S,P,L,P,S,L,P,G,H,T,N,E,D,V,K,N,A,?,I,G,V,L,I,G,G,L,E,W,N,D,N,T,V,R,V,S,E,I,I,Q,R,F,A,W,R,S,I,D,E,N,G,R,L,P,L,P,P,D,Q,K,R,K,M,A,R,T,I,E,S,K,V,R,R,N,K,V,A,D,?,1,1
M,D,S,N,T,M,L,S,F,Q,V,D,C,F,L,W,Y,V,R,K,R,F,A,D,Q,E,L,G,D,A,P,F,L,D,R,L,R,R,D,Q,K,S,L,R,G,R,G,S,T,L,G,L,D,I,E,T,A,N,R,A,G,K,Q,I,V,E,R,I,L,E,E,E,S,D,E,?,?,?,?,?,A,L,K,M,T,I,A,S,V,P,?,?,?,?,?,S,S,R,Y,L,T,D,M,T,L,E,E,M,S,R,D,W,F,M,L,M,P,K,Q,K,V,A,G,S,L,C,I,K,M,D,Q,A,I,M,D,K,N,I,I,L,K,A,N,F,S,V,I,F,N,R,L,E,A,L,I,L,L,R,A,F,T,E,E,G,A,I,V,G,E,I,S,P,L,P,S,F,P,G,H,T,D,E,D,V,K,N,A,?,I,G,V,L,I,G,G,L,E,W,N,D,N,T,V,R,V,S,E,T,L,Q,R,F,A,W,R,S,S,N,E,D,G,R,P,S,L,P,P,K,Q,K,R,K,M,A,R,T,I,E,S,E,V,?,?,?,?,?,?,?,?,1,0
M,D,S,N,T,V,S,S,F,Q,V,D,C,F,L,W,H,V,R,K,R,F,A,D,Q,E,L,G,D,A,P,F,L,D,R,L,R,R,D,Q,K,S,L,R,G,R,G,N,T,L,G,L,D,I,E,T,A,T,R,A,G,K,Q,I,V,E,R,I,L,D,E,E,P,D,K,?,?,?,?,?,A,L,K,M,?,?,?,?,?,P,?,?,?,?,?,T,S,R,Y,L,T,E,M,T,L,E,E,M,S,R,D,W,F,M,L,M,P,K,Q,K,V,V,G,S,L,C,I,K,M,D,Q,A,I,M,D,K,I,I,I,L,K,A,N,F,S,V,I,F,D,R,L,E,T,L,I,L,L,R,A,F,T,K,E,G,A,I,V,G,E,I,S,P,L,P,S,L,P,G,H,T,G,E,D,V,K,N,A,?,I,G,V,L,I,G,G,L,E,W,N,G,N,T,V,R,V,S,E,T,I,Q,R,F,A,W,R,N,S,D,E,G,G,R,L,P,L,P,P,N,Q,K,R,K,L,A,R,A,I,E,S,E,V,?,?,?,?,?,?,?,?,1,1
M,D,S,N,T,V,S,S,F,Q,V,D,C,F,L,W,H,V,R,K,R,F,A,D,Q,E,L,G,D,A,P,F,L,D,R,L,R,R,D,Q,K,S,L,R,G,R,G,N,T,L,G,L,D,I,K,T,A,T,R,A,G,K,Q,I,V,E,R,I,L,E,E,E,P,N,E,?,?,?,?,?,A,L,K,M,?,?,?,?,?,P,?,?,?,?,?,T,S,R,Y,L,T,D,M,T,L,E,E,M,S,R,D,W,F,M,L,M,P,K,Q,K,M,A,G,P,L,C,I,K,M,D,Q,A,I,M,D,K,N,I,I,L,K,A,T,F,S,V,I,F,D,Q,L,E,T,L,I,L,L,R,A,F,T,E,E,G,A,I,V,G,E,I,S,P,L,P,S,L,P,G,H,T,D,E,D,V,K,N,A,?,I,G,V,L,I,G,G,L,E,W,N,D,N,T,V,R,I,S,E,T,I,Q,R,Y,A,W,R,S,S,D,E,G,G,R,L,P,L,L,P,N,Q,K,W,K,M,A,R,T,I,E,P,E,V,?,?,?,?,?,?,?,?,1,1
M,D,S,N,T,V,S,S,F,Q,V,D,C,F,L,W,H,V,R,K,R,F,A,D,Q,E,L,G,D,A,P,F,L,D,R,L,R,R,D,Q,K,S,L,R,G,R,G,N,T,L,G,L,D,I,E,R,A,T,R,A,G,K,Q,I,V,E,R,I,L,D,E,E,S,D,E,?,?,?,?,?,A,L,K,M,?,?,?,?,?,P,?,?,?,?,?,T,S,R,Y,L,T,D,M,T,L,E,E,M,S,R,D,W,F,M,L,M,P,K,Q,K,V,V,G,S,L,C,I,K,M,D,Q,A,M,M,D,K,T,V,I,L,K,A,N,F,S,V,I,F,D,R,L,E,T,L,I,L,L,R,A,F,T,E,E,G,A,I,V,G,E,I,S,P,L,P,S,L,P,G,H,T,S,E,D,V,K,N,A,?,I,G,V,L,I,G,G,L,E,W,N,D,N,T,V,R,V,S,E,T,I,Q,R,F,A,W,R,S,S,D,E,G,G,R,L,P,L,P,P,N,Q,K,R,K,M,A,R,T,I,E,S,E,V,?,?,?,?,?,?,?,?,1,1
M,D,S,N,T,V,S,S,F,Q,V,D,C,F,L,W,H,V,R,K,R,F,A,D,Q,E,L,G,D,A,P,F,L,D,R,L,R,R,D,Q,K,S,L,R,G,R,G,S,T,L,G,L,D,I,E,T,A,T,R,A,G,K,Q,I,V,E,R,I,L,G,K,E,S,D,E,?,?,?,?,?,A,L,K,M,N,I,A,S,V,P,?,?,?,?,?,T,S,R,Y,L,T,D,M,T,L,E,E,M,S,R,D,W,F,M,L,M,P,K,Q,K,V,A,G,S,L,C,I,K,M,D,Q,A,V,M,D,K,N,I,I,L,K,A,N,F,S,V,I,F,D,R,L,E,T,L,I,L,L,R,A,F,T,E,E,G,A,I,V,G,E,I,S,P,L,P,S,L,P,G,H,T,D,E,D,V,K,I,A,?,I,G,V,L,I,G,G,L,E,W,N,D,N,T,V,R,V,S,E,T,L,Q,R,F,T,W,R,S,S,N,E,D,G,R,P,S,L,P,S,K,Q,K,R,K,M,A,R,T,I,E,S,E,V,?,?,?,?,?,?,?,?,1,0
M,D,S,N,T,I,T,S,F,Q,V,D,C,Y,L,W,H,I,R,K,L,L,S,M,R,D,M,C,D,A,P,F,D,D,R,L,R,R,D,Q,K,A,L,K,G,R,G,S,T,L,G,L,D,L,R,V,A,T,M,E,G,K,K,I,V,E,D,I,L,K,S,E,T,D,E,?,?,?,?,?,N,L,K,I,A,I,A,S,S,P,?,?,?,?,?,A,P,R,Y,I,T,D,M,S,I,E,E,I,S,R,E,W,Y,M,L,M,P,R,Q,K,I,T,G,G,L,M,V,K,M,D,Q,A,I,M,D,K,R,I,V,L,K,A,N,F,S,V,L,F,D,Q,L,E,T,L,V,S,L,R,A,F,T,E,D,G,A,I,V,A,E,I,S,P,I,L,S,M,P,G,H,S,T,E,D,V,K,N,A,?,I,G,I,L,I,G,G,L,E,W,N,D,N,S,I,R,A,S,E,N,I,Q,R,F,A,W,G,I,R,D,E,N,G,G,P,P,L,P,P,K,Q,K,R,?,?,?,?,?,?,?,?,?,?,?,?,?,?,?,?,?,?,0,0
M,D,S,N,T,V,L,S,F,Q,V,D,C,F,L,W,H,V,R,K,R,F,A,D,Q,E,L,G,D,A,P,F,L,D,R,L,R,R,D,Q,K,S,L,R,G,R,G,N,T,L,G,L,D,I,E,T,A,T,R,A,G,K,Q,I,G,E,R,I,L,E,E,E,S,D,E,?,?,?,?,?,A,L,K,M,?,?,?,?,?,P,?,?,?,?,?,A,S,R,Y,L,T,D,M,T,L,E,E,M,S,R,D,W,F,M,L,M,P,K,Q,K,G,A,G,S,L,C,I,K,M,D,Q,E,I,M,D,K,T,I,I,L,K,A,N,F,S,V,I,F,D,R,L,E,T,L,I,L,L,R,A,F,T,E,E,G,A,I,V,G,E,I,S,P,L,P,S,L,P,G,H,T,G,E,D,V,K,N,A,?,I,G,V,L,I,G,G,L,E,W,N,D,N,T,V,R,V,S,E,T,I,Q,R,F,A,W,R,G,G,D,E,D,G,R,L,P,F,P,P,N,Q,K,R,K,M,A,R,T,I,E,S,E,V,?,?,?,?,?,?,?,?,1,1
M,D,S,N,T,V,L,S,F,Q,V,D,C,F,L,W,H,V,R,K,R,F,A,D,Q,E,L,G,D,A,P,F,L,D,R,L,R,R,D,Q,K,S,L,R,G,R,G,N,T,L,G,L,D,I,E,T,A,T,R,A,G,K,Q,I,V,E,R,I,L,E,E,E,S,D,E,?,?,?,?,?,A,L,K,M,?,?,?,?,?,P,?,?,?,?,?,A,S,R,Y,L,T,D,M,T,L,E,E,M,S,R,D,W,F,M,L,M,P,K,Q,K,M,A,G,S,L,C,I,K,M,D,Q,A,I,M,D,K,T,I,I,L,K,A,N,F,S,V,I,F,D,R,L,E,T,L,I,L,L,R,A,F,T,E,E,G,A,I,V,G,E,I,S,P,L,H,S,L,P,G,H,T,G,E,D,V,K,N,A,?,I,G,V,L,I,G,G,L,E,W,N,D,N,T,V,R,V,S,E,T,I,Q,R,F,T,W,R,G,G,D,E,D,G,R,L,P,F,P,P,S,Q,K,R,K,M,A,R,T,I,K,S,E,V,?,?,?,?,?,?,?,?,1,1
M,D,S,N,T,V,S,S,F,Q,V,D,C,F,L,W,H,V,R,K,R,F,A,D,Q,E,L,G,D,A,P,F,L,D,R,L,R,R,D,Q,K,S,L,R,G,R,G,S,T,L,G,L,D,I,E,T,A,T,R,A,G,K,Q,I,V,E,R,I,L,G,E,E,S,D,E,?,?,?,?,?,A,L,K,M,N,I,A,S,V,P,?,?,?,?,?,T,S,R,Y,L,T,D,M,T,L,E,E,M,S,R,D,W,F,M,L,M,P,K,Q,K,V,A,G,S,L,C,I,K,M,D,Q,A,I,M,D,K,T,I,I,L,K,A,N,F,S,V,I,F,D,R,L,E,T,L,I,L,L,R,A,F,T,E,E,G,A,I,V,G,E,I,S,P,L,P,S,L,P,G,H,T,D,E,D,V,K,I,A,?,I,G,V,L,I,G,G,L,E,W,N,D,N,T,V,R,V,S,E,T,L,Q,R,F,T,W,R,S,S,N,E,D,G,R,P,S,L,P,S,N,Q,K,R,K,M,A,R,T,I,E,S,E,V,R,G,N,K,M,A,D,?,1,1
M,D,S,N,T,V,L,S,F,Q,V,D,C,F,L,W,H,V,R,K,R,F,A,D,Q,E,L,G,D,A,P,F,L,D,R,L,R,R,D,Q,K,S,L,R,G,R,G,N,T,L,G,L,D,I,E,T,A,T,R,A,G,K,Q,I,V,E,R,I,L,E,E,E,S,D,E,?,?,?,?,?,A,L,K,M,?,?,?,?,?,P,?,?,?,?,?,T,S,R,Y,L,T,D,M,T,L,E,E,M,S,R,D,W,F,M,L,M,P,K,Q,K,V,A,G,S,L,C,I,K,M,D,Q,A,I,M,D,K,T,V,I,L,K,A,N,F,S,V,I,F,D,R,L,E,T,L,I,L,L,R,A,F,T,E,E,G,A,I,V,G,E,I,S,P,L,P,S,L,P,G,H,T,D,E,D,V,K,N,A,?,I,G,V,L,I,G,G,L,E,W,N,D,N,T,V,R,V,S,E,T,I,Q,R,F,A,W,R,G,S,D,E,D,G,R,L,P,F,P,P,N,Q,K,R,K,M,A,R,T,I,E,S,E,I,?,?,?,?,?,?,?,?,1,1
M,D,S,N,T,I,T,S,F,Q,V,D,C,Y,L,W,H,I,R,K,L,L,S,M,R,D,M,C,D,A,P,F,D,D,R,L,R,R,D,Q,R,A,L,K,G,R,G,S,T,L,G,L,D,L,R,V,A,T,M,E,G,K,K,I,V,E,D,I,L,K,S,E,T,D,E,?,?,?,?,?,N,L,K,I,A,I,A,S,S,P,?,?,?,?,?,A,P,R,Y,I,T,D,M,S,I,E,E,I,S,R,E,W,Y,M,L,M,P,R,Q,K,I,T,G,G,L,M,V,K,M,D,Q,A,I,M,D,K,R,I,I,L,K,A,N,F,S,V,L,F,D,Q,L,E,T,L,V,S,L,R,A,F,T,E,D,G,A,I,V,A,E,I,S,P,I,P,S,M,P,G,H,S,T,E,D,V,K,N,A,?,I,G,I,L,I,G,G,L,E,W,N,D,N,S,I,R,A,S,E,N,I,Q,R,F,A,W,G,I,R,D,E,N,G,G,P,P,L,P,P,K,Q,K,R,Y,M,E,R,R,V,E,S,E,V,?,?,?,?,?,?,?,?,0,0
M,D,S,N,T,V,S,S,F,Q,V,D,C,F,L,W,H,V,R,K,R,F,A,D,Q,E,L,G,D,A,P,F,L,D,R,L,R,R,D,Q,K,S,L,R,G,R,G,S,T,L,G,L,D,I,E,T,A,T,R,A,G,K,Q,I,V,E,R,I,L,E,E,E,P,D,E,?,?,?,?,?,A,L,K,M,T,I,A,S,V,P,?,?,?,?,?,A,S,R,Y,L,T,D,M,T,L,E,E,M,S,R,D,W,F,M,L,M,P,K,Q,K,V,A,G,S,L,C,I,R,I,D,Q,A,I,M,D,K,N,I,I,L,K,A,N,F,S,V,I,F,D,R,L,E,T,L,I,L,L,R,A,F,T,E,E,G,A,I,V,G,E,I,S,P,L,P,S,L,P,G,H,T,D,E,D,V,K,N,A,?,I,G,V,L,I,G,G,L,E,W,N,D,N,T,V,R,V,S,E,T,L,Q,R,F,A,W,R,S,S,N,E,D,G,R,P,P,L,P,P,K,Q,K,R,K,M,A,R,T,I,E,S,E,V,?,?,?,?,?,?,?,?,0,0
M,D,S,N,T,I,T,S,F,Q,V,D,C,Y,L,W,H,I,R,K,L,L,S,M,R,D,M,C,D,A,P,F,D,D,R,L,R,R,D,Q,K,A,L,K,G,R,G,S,T,L,G,L,D,L,R,V,A,T,M,E,G,K,K,I,V,E,D,I,L,K,S,E,T,D,E,?,?,?,?,?,N,L,K,I,A,I,A,S,S,P,?,?,?,?,?,A,P,R,Y,I,T,D,M,S,I,E,E,I,S,R,E,W,Y,M,L,M,P,R,Q,K,I,T,G,G,L,M,V,K,M,D,Q,A,I,M,D,K,R,I,T,L,K,A,N,F,S,V,L,F,D,Q,L,E,T,L,V,S,L,R,A,F,T,D,D,G,A,I,V,A,E,I,S,P,I,P,S,M,P,G,H,S,T,E,D,V,K,N,A,?,I,G,I,L,I,G,G,L,E,W,N,D,N,S,I,R,A,S,E,N,I,Q,R,F,A,W,G,I,R,D,E,D,G,G,P,P,L,P,P,K,Q,K,R,Y,M,A,R,R,V,E,S,E,V,?,?,?,?,?,?,?,?,0,0
M,D,S,N,T,V,S,S,F,Q,V,D,C,F,L,W,H,V,R,K,R,F,A,D,Q,E,L,G,D,A,P,F,L,D,R,L,R,R,D,Q,K,S,L,R,G,R,G,N,T,L,G,L,D,I,E,T,A,T,R,A,G,K,Q,I,V,E,R,I,L,E,E,E,S,D,E,?,?,?,?,?,A,L,K,M,?,?,?,?,?,P,?,?,?,?,?,A,S,R,Y,L,T,D,M,T,L,E,E,M,S,R,D,W,F,M,L,M,P,K,Q,K,V,T,G,S,L,C,I,K,M,D,Q,A,I,M,D,K,T,I,I,L,K,A,N,F,S,V,I,Y,D,R,L,E,T,L,I,L,L,R,A,F,T,E,E,G,A,I,V,G,E,I,S,P,L,P,S,L,P,G,H,T,N,E,D,V,K,N,A,?,I,G,V,L,I,G,G,L,E,W,N,D,N,T,V,R,V,S,E,I,I,Q,R,F,A,W,R,S,V,D,E,D,G,R,L,P,L,P,S,D,Q,K,R,K,M,A,R,T,I,E,S,K,V,?,?,?,?,?,?,?,?,1,1
M,D,S,N,T,V,S,S,F,Q,V,D,C,F,L,W,H,V,R,K,R,F,A,D,Q,E,L,G,D,A,P,F,L,D,R,L,R,R,D,Q,K,S,L,K,G,R,G,S,T,L,G,L,D,I,K,T,A,T,R,A,G,K,Q,I,V,E,R,I,L,E,K,E,S,D,E,?,?,?,?,?,A,L,K,M,?,?,?,?,?,P,?,?,?,?,?,A,S,R,Y,L,T,D,M,T,L,E,E,M,S,R,D,W,F,M,L,M,P,K,Q,K,V,T,G,S,L,C,I,K,M,D,Q,A,I,M,D,K,T,I,I,L,K,A,N,F,S,V,I,Y,D,R,L,E,T,L,I,L,L,R,A,F,T,E,E,G,A,I,V,G,E,I,S,P,L,P,S,L,P,G,H,T,S,E,D,V,K,N,A,?,I,G,V,L,I,G,G,L,E,W,N,D,N,T,V,R,V,S,E,I,V,Q,R,F,A,W,R,S,I,D,E,D,G,R,L,P,L,P,S,D,Q,K,R,K,M,A,R,T,I,E,S,E,V,?,?,?,?,?,?,?,?,1,1
M,D,S,N,T,V,S,S,F,Q,V,D,C,F,L,W,H,V,R,K,R,F,A,D,Q,E,L,G,D,A,P,F,L,D,R,L,R,R,D,Q,K,S,L,R,G,R,G,N,T,L,G,L,D,I,E,T,A,T,R,A,G,K,Q,I,V,E,R,I,L,E,E,E,S,D,E,?,?,?,?,?,A,L,K,M,?,?,?,?,?,P,?,?,?,?,?,T,S,R,Y,L,T,D,M,T,L,E,E,M,S,R,D,W,F,M,L,M,P,K,Q,K,V,A,G,S,L,C,I,K,M,D,Q,A,I,M,D,K,T,I,I,L,K,A,N,F,S,V,I,F,D,R,L,E,T,L,I,L,L,R,A,F,T,K,E,G,A,I,V,G,E,I,S,P,L,P,S,L,P,G,H,T,G,E,D,V,K,N,A,?,I,G,V,L,I,G,G,L,E,W,N,D,N,T,V,R,V,S,E,T,I,Q,R,Y,A,W,R,S,S,D,E,D,G,R,L,P,L,L,P,N,Q,K,R,K,M,A,R,T,I,E,S,E,V,?,?,?,?,?,?,?,?,1,1
M,D,S,N,T,V,S,S,F,Q,V,D,C,F,L,W,H,V,R,K,R,F,A,D,Q,E,L,G,D,A,P,F,L,D,R,L,R,R,D,Q,K,S,L,R,G,R,G,N,T,L,G,L,D,I,E,T,A,T,R,A,G,K,Q,I,V,E,R,I,L,E,E,E,S,D,K,?,?,?,?,?,A,L,K,M,?,?,?,?,?,P,?,?,?,?,?,V,S,R,Y,L,T,D,M,T,L,E,E,M,S,R,D,W,F,M,L,M,P,K,Q,K,V,A,G,S,L,C,I,K,M,D,Q,A,I,M,D,K,T,I,I,L,K,A,N,F,S,V,T,F,D,R,L,E,N,L,I,L,L,R,A,F,T,E,G,G,A,I,V,G,E,I,S,P,L,P,S,L,P,G,H,T,G,E,D,V,K,N,A,?,I,G,I,L,I,G,G,L,E,W,N,D,N,T,V,P,V,S,E,T,I,Q,R,F,A,W,G,S,S,D,E,D,G,R,P,P,L,P,P,N,Q,N,R,K,M,A,R,T,I,E,S,E,V,?,?,?,?,?,?,?,?,1,1
M,D,S,N,T,V,S,S,F,Q,V,D,C,F,L,W,H,V,R,K,R,F,A,D,Q,E,L,G,D,A,P,F,L,D,R,L,R,R,D,Q,K,S,L,R,G,R,G,S,T,L,S,L,D,I,E,T,A,T,R,A,G,K,Q,I,V,E,R,I,L,E,E,E,S,D,E,?,?,?,?,?,A,L,K,M,T,I,T,S,V,P,?,?,?,?,?,A,S,R,Y,L,T,D,M,T,L,E,E,M,S,R,D,W,F,M,L,M,P,K,Q,K,V,A,G,S,L,C,I,R,M,D,Q,A,I,M,D,K,N,I,K,L,K,A,N,F,S,V,I,F,D,R,L,E,T,L,I,L,L,R,A,F,T,E,E,G,A,I,V,G,E,I,S,P,L,P,S,L,P,G,H,T,D,E,D,V,K,N,A,?,I,G,V,L,I,G,G,L,E,W,N,D,N,T,V,R,V,S,E,T,L,Q,R,F,A,W,R,S,S,N,E,D,G,R,P,P,L,P,P,K,Q,K,R,K,M,A,R,T,V,E,S,E,V,?,?,?,?,?,?,?,?,0,0
M,D,S,N,T,I,T,S,F,Q,V,D,C,Y,L,W,H,I,R,K,L,L,S,M,R,D,M,C,D,A,P,F,D,D,R,L,R,R,D,Q,K,A,L,K,G,R,G,S,T,L,G,L,D,L,R,V,A,T,M,E,G,K,K,I,V,E,D,I,L,K,S,E,T,D,E,?,?,?,?,?,N,L,K,I,A,I,A,S,S,P,?,?,?,?,?,A,P,R,Y,I,T,D,M,S,I,E,E,I,S,R,E,W,Y,M,L,M,P,R,Q,K,I,T,G,G,L,M,V,K,M,D,Q,A,I,M,D,K,R,I,I,L,K,A,N,F,S,V,L,F,D,Q,L,E,T,L,V,S,L,R,A,F,T,E,D,G,A,I,V,A,E,I,S,P,I,P,S,M,P,G,H,S,T,E,D,V,K,N,A,?,I,G,I,L,I,G,G,L,E,W,N,D,N,S,I,R,A,S,E,N,I,Q,R,F,A,W,G,I,R,D,E,D,G,G,P,P,L,P,P,K,Q,K,R,H,M,A,R,R,A,E,S,E,V,?,?,?,?,?,?,?,?,0,0
M,D,S,N,T,I,T,S,F,Q,V,D,C,Y,L,W,H,I,R,K,L,L,S,M,R,D,M,C,D,A,P,F,D,D,R,L,R,R,D,Q,K,A,L,K,G,R,G,S,T,L,G,L,D,L,R,V,A,T,M,E,G,K,K,I,V,E,D,I,L,K,S,E,T,D,E,?,?,?,?,?,N,L,K,I,A,I,A,S,S,P,?,?,?,?,?,A,P,R,Y,I,T,D,M,S,I,E,E,I,S,R,E,W,Y,M,L,M,P,R,Q,K,V,T,G,G,L,M,V,K,M,D,Q,A,I,M,D,K,R,I,I,L,K,A,N,F,S,V,L,F,D,Q,L,E,T,L,V,S,L,R,A,F,T,E,D,G,A,I,V,A,E,I,S,P,I,P,S,M,P,G,H,S,T,E,D,V,K,N,A,?,I,G,I,L,I,G,G,L,E,W,N,N,N,S,I,R,A,S,E,N,I,Q,R,F,A,W,G,I,R,D,E,N,G,G,P,P,L,P,P,K,Q,K,R,H,M,A,R,R,V,E,P,E,V,?,?,?,?,?,?,?,?,0,0
M,D,S,N,T,V,S,S,F,Q,V,D,C,F,L,W,H,V,R,K,R,F,A,D,Q,E,L,G,D,A,P,F,L,D,R,L,R,R,D,Q,K,S,L,R,G,R,G,S,T,L,G,L,D,I,E,T,A,T,R,A,G,K,Q,I,V,E,R,I,L,E,E,E,S,D,E,?,?,?,?,?,A,L,K,M,T,I,A,S,V,P,?,?,?,?,?,A,S,R,Y,L,T,D,M,T,L,E,E,M,S,R,D,W,F,M,L,M,P,K,Q,K,V,A,G,S,L,C,I,R,M,D,Q,A,I,M,D,K,N,I,T,L,K,A,N,F,S,V,I,F,D,R,L,E,T,L,I,L,L,R,A,F,T,E,E,G,A,I,V,G,E,I,S,P,L,P,S,L,P,G,H,T,D,E,D,V,K,N,A,?,I,G,V,L,I,G,G,L,E,W,N,D,N,T,V,R,V,S,E,I,L,Q,R,F,A,W,R,S,S,N,E,D,G,R,P,P,L,P,P,K,Q,K,R,K,M,A,R,T,I,E,S,E,V,?,?,?,?,?,?,?,?,1,0
M,D,S,N,T,V,S,S,F,Q,V,D,C,F,L,W,H,V,R,K,R,F,A,D,Q,E,L,G,D,A,P,F,L,D,R,L,R,R,D,Q,K,S,L,R,G,R,G,N,T,L,G,L,D,I,E,T,A,T,R,A,G,K,Q,I,V,E,R,I,L,D,E,E,S,D,E,?,?,?,?,?,A,L,K,M,?,?,?,?,?,P,?,?,?,?,?,T,S,R,Y,L,T,D,M,T,L,E,E,M,S,R,D,W,F,M,L,M,P,K,Q,K,V,V,G,S,L,C,I,K,M,D,Q,A,M,M,D,K,T,V,I,L,K,A,N,F,S,V,I,F,D,R,L,E,T,L,I,L,L,R,A,F,T,E,E,G,A,I,V,G,E,I,S,P,L,P,S,L,P,G,H,T,S,E,D,V,K,N,A,?,I,G,V,L,I,G,G,L,E,W,N,D,N,T,V,R,V,S,E,T,I,Q,R,F,A,W,R,S,S,D,E,G,G,R,L,P,L,P,P,N,Q,K,W,K,M,A,R,T,I,E,S,E,V,?,?,?,?,?,?,?,?,1,1
M,D,P,N,T,V,S,S,F,Q,V,D,C,F,L,W,H,V,R,K,R,F,A,D,Q,E,L,G,D,A,P,F,L,D,R,L,R,R,D,Q,K,S,L,R,G,R,G,N,T,L,G,L,D,I,E,T,A,T,R,A,G,K,Q,I,V,E,R,I,L,E,E,E,P,D,E,?,?,?,?,?,A,L,K,M,?,?,?,?,?,P,?,?,?,?,?,A,T,R,Y,L,T,D,M,T,L,E,E,M,S,R,D,W,F,M,L,M,P,K,Q,K,V,A,G,S,L,C,I,K,M,D,Q,A,M,M,D,K,T,I,T,L,K,A,N,F,S,V,I,S,D,R,L,E,T,L,I,L,L,R,A,F,T,E,E,G,A,I,V,G,E,I,S,P,L,T,S,L,P,G,H,T,G,E,D,V,K,N,A,?,I,G,V,L,I,G,G,L,E,W,N,D,N,T,V,R,V,S,E,T,I,Q,R,F,A,W,R,S,S,D,E,D,R,R,L,P,L,P,P,N,Q,K,R,K,M,A,R,T,I,E,S,E,V,?,?,?,?,?,?,?,?,1,1
M,D,S,N,T,V,S,S,F,Q,V,D,C,F,L,W,H,V,R,K,R,F,A,D,Q,E,Q,G,D,A,P,F,L,D,R,L,R,R,D,Q,K,S,L,R,G,R,G,S,T,L,G,L,D,I,E,T,A,T,R,A,G,K,Q,I,V,E,R,I,L,E,E,E,S,D,E,?,?,?,?,?,A,L,K,M,T,I,A,S,V,P,?,?,?,?,?,I,S,R,Y,L,T,D,M,T,L,E,E,M,S,R,D,W,F,M,L,M,P,K,Q,K,V,A,G,S,L,C,I,R,M,D,Q,A,I,M,D,K,N,I,I,L,K,A,N,F,S,V,M,F,D,R,L,E,T,L,I,L,L,R,A,F,T,E,E,G,V,I,V,G,E,I,S,P,L,P,S,L,P,G,H,T,D,E,D,V,K,N,A,?,I,G,V,L,I,G,G,L,E,W,N,D,N,T,V,R,V,S,E,T,L,Q,R,F,A,W,R,S,S,N,E,D,G,R,P,P,L,P,P,K,Q,K,R,K,M,A,R,T,I,E,S,E,V,?,?,?,?,?,?,?,?,0,0
M,D,S,N,T,V,S,S,F,Q,V,D,C,F,L,W,H,V,R,K,R,F,A,D,Q,E,L,S,D,A,P,F,L,D,R,L,R,R,D,Q,K,S,L,K,G,R,G,N,T,L,G,L,D,I,E,T,A,T,R,A,G,K,Q,L,V,E,R,I,L,E,E,E,S,D,E,?,?,?,?,?,A,L,K,M,?,?,?,?,?,P,?,?,?,?,?,A,S,R,Y,L,T,D,M,T,L,E,E,M,S,R,D,W,F,M,L,M,P,K,Q,K,V,T,G,S,L,C,I,K,M,D,Q,A,I,M,G,K,I,I,I,L,K,A,N,F,S,V,I,Y,D,R,L,E,T,L,I,L,L,R,A,F,T,E,E,G,A,I,V,G,E,I,S,P,L,P,S,L,P,G,H,T,N,E,D,V,K,N,A,?,I,G,V,L,I,G,G,L,E,W,N,D,N,T,V,R,V,S,E,I,I,Q,R,F,A,W,R,S,I,D,E,D,G,R,L,P,L,P,S,D,Q,K,R,K,M,A,R,T,I,E,S,K,V,?,?,?,?,?,?,?,?,1,1
M,D,P,N,T,I,T,S,F,Q,V,D,C,Y,L,W,H,I,R,K,L,L,S,M,R,D,M,C,D,A,P,F,D,D,R,L,R,R,D,Q,R,A,L,K,G,R,G,S,T,L,G,L,D,L,R,V,A,T,M,E,G,K,K,I,V,E,D,I,L,K,S,E,T,D,E,?,?,?,?,?,N,L,K,I,A,I,A,S,S,P,?,?,?,?,?,A,P,R,Y,I,T,D,M,S,I,E,E,I,S,R,E,W,Y,M,L,M,P,R,Q,K,I,T,G,G,L,M,V,K,M,D,Q,A,I,M,D,K,R,I,I,L,K,A,N,F,S,V,L,F,D,Q,L,E,T,L,V,S,L,R,A,F,T,E,D,G,A,I,V,A,E,I,S,P,I,P,S,M,P,G,H,S,T,E,D,V,K,N,A,?,I,G,I,L,I,G,G,L,E,W,N,D,N,S,I,R,A,S,E,N,I,Q,R,F,A,W,G,I,R,D,E,N,G,G,P,P,L,P,P,K,Q,K,R,Y,M,A,R,R,V,E,S,E,V,?,?,?,?,?,?,?,?,0,0
M,D,S,N,T,V,L,S,F,Q,V,D,C,F,L,W,H,V,R,K,R,F,A,D,Q,E,L,G,D,A,P,F,L,D,R,L,R,R,D,Q,K,S,L,K,G,R,G,N,T,L,G,L,D,I,E,T,A,T,S,A,G,K,Q,I,V,E,R,I,L,E,E,E,S,D,E,?,?,?,?,?,A,L,K,K,?,?,?,?,?,P,?,?,?,?,?,A,S,R,Y,L,T,D,M,T,L,E,E,M,S,R,D,W,F,M,L,M,P,K,Q,K,V,A,G,S,L,C,I,K,M,D,Q,A,I,M,D,K,T,I,T,L,K,A,N,F,S,V,I,F,D,R,L,E,T,L,I,L,L,R,A,F,T,E,K,G,A,I,V,G,E,I,S,P,L,P,S,L,P,G,H,T,G,E,D,V,K,N,A,?,I,G,V,L,I,G,G,L,E,W,N,D,N,T,V,R,V,S,E,T,I,Q,R,F,A,W,R,G,G,D,E,D,R,R,L,P,F,P,P,N,Q,K,R,K,M,A,R,T,I,E,S,E,V,?,?,?,?,?,?,?,?,1,1
M,D,S,N,T,V,S,S,F,Q,V,D,C,F,L,W,H,V,R,K,R,F,A,D,Q,E,L,G,D,A,P,F,L,D,R,L,R,R,D,Q,K,S,L,R,G,R,G,S,T,L,G,L,D,I,E,T,A,T,R,A,G,K,Q,I,V,E,R,I,L,E,E,E,S,D,E,?,?,?,?,?,A,L,K,M,T,I,A,S,V,P,?,?,?,?,?,A,S,R,Y,L,T,D,M,T,L,E,E,M,S,R,D,W,F,M,L,M,P,K,Q,K,V,A,G,S,L,C,I,R,M,D,Q,A,I,M,D,K,N,I,I,L,K,A,N,F,S,V,I,F,D,R,L,E,T,L,I,L,L,R,A,F,T,E,E,G,A,I,V,G,E,I,S,P,L,P,S,L,P,G,H,T,D,K,D,V,K,N,A,?,I,G,V,L,I,G,G,L,E,W,N,D,N,T,V,R,V,S,E,T,L,Q,R,F,A,W,R,S,C,N,E,D,G,R,P,P,L,P,P,K,Q,K,R,K,M,A,G,T,I,E,S,E,V,?,?,?,?,?,?,?,?,0,0
M,D,S,N,T,V,S,S,F,Q,V,D,C,F,L,W,H,V,R,K,R,F,A,D,Q,E,L,G,D,A,P,F,L,D,R,L,R,R,D,Q,K,S,L,R,G,R,G,S,T,L,G,L,D,I,E,T,A,T,R,A,G,K,Q,I,V,E,R,I,L,E,E,E,S,N,E,?,?,?,?,?,A,L,K,M,T,I,A,S,V,P,?,?,?,?,?,A,S,H,Y,L,T,D,M,T,L,E,E,M,S,R,D,W,F,M,L,M,P,K,Q,K,V,A,G,S,L,C,I,R,M,D,Q,A,I,M,D,K,N,I,I,L,K,A,N,F,S,V,I,F,D,R,L,D,T,L,I,L,L,R,A,F,T,E,E,G,A,I,V,G,E,I,S,P,L,P,S,L,P,G,H,T,D,E,D,V,K,N,A,?,I,G,V,L,I,G,G,L,E,W,N,D,N,T,V,R,V,S,E,T,L,Q,R,F,A,W,R,S,S,N,E,D,G,R,P,P,L,P,P,K,Q,K,R,K,M,A,R,T,I,E,S,E,V,?,?,?,?,?,?,?,?,0,0
M,D,P,N,T,V,S,S,F,Q,V,D,C,F,L,W,H,V,R,K,R,F,A,D,Q,E,L,G,D,A,P,F,L,D,R,L,R,R,D,Q,K,S,L,R,G,R,G,N,T,L,G,L,D,I,E,T,A,T,R,A,G,K,Q,I,V,E,R,I,L,E,E,E,S,D,E,?,?,?,?,?,A,L,K,M,?,?,?,?,?,P,?,?,?,?,?,A,S,R,Y,L,T,D,M,T,L,E,E,M,S,R,D,W,F,M,L,M,P,K,Q,K,M,A,G,S,L,C,I,K,M,D,Q,A,I,M,D,K,T,I,I,L,K,A,N,F,S,V,I,F,D,R,L,E,T,L,I,L,L,R,A,F,T,E,E,G,A,I,V,G,E,I,S,P,L,P,S,L,P,G,H,T,G,E,D,V,K,N,A,?,I,G,V,L,I,G,G,L,E,W,N,D,N,T,V,R,V,S,E,T,I,Q,R,F,A,W,R,G,S,D,E,D,G,R,L,T,L,P,P,N,Q,K,R,K,M,A,R,T,I,E,S,E,V,?,?,?,?,?,?,?,?,1,1
M,D,S,N,T,I,T,S,F,Q,V,D,C,Y,L,W,H,I,R,K,L,L,S,M,R,D,M,C,D,A,P,F,D,D,R,L,R,R,D,Q,K,A,L,K,G,R,G,S,T,L,G,L,D,L,R,V,A,T,M,E,G,K,K,I,V,E,D,I,L,K,S,E,T,D,E,?,?,?,?,?,N,L,K,I,A,I,A,S,S,P,?,?,?,?,?,A,P,R,Y,I,T,D,M,S,I,E,E,I,S,R,E,W,Y,M,L,M,P,R,Q,K,I,T,G,G,L,M,V,K,M,D,Q,A,I,M,D,K,R,I,I,L,K,A,N,F,S,V,L,F,D,Q,L,E,T,L,V,S,L,R,A,F,T,D,D,D,A,I,V,A,E,I,S,P,I,P,S,M,P,G,H,S,T,E,D,V,K,N,A,?,I,G,I,L,I,G,G,L,E,W,N,D,N,S,I,R,A,S,E,N,I,Q,R,F,A,W,G,V,R,D,E,N,G,G,P,P,L,P,P,K,Q,K,R,Y,M,A,R,R,V,E,S,E,V,?,?,?,?,?,?,?,?,0,0
M,D,S,N,T,V,S,S,F,Q,V,D,C,F,L,W,H,V,R,K,R,F,A,D,Q,E,L,G,D,A,P,F,L,D,R,L,R,R,D,Q,K,S,L,R,G,R,G,N,T,L,G,L,D,I,E,T,A,T,R,A,G,K,Q,I,V,E,R,I,L,E,E,E,S,D,K,?,?,?,?,?,A,L,K,M,?,?,?,?,?,P,?,?,?,?,?,A,S,R,Y,L,T,D,M,T,L,E,E,M,S,R,D,W,F,M,L,M,P,K,Q,K,V,A,G,S,L,C,I,K,M,D,Q,A,I,M,D,K,V,I,I,L,K,A,N,F,S,V,I,F,D,R,L,E,T,L,I,L,L,R,A,F,T,E,E,G,A,I,V,G,E,I,S,P,L,P,S,L,P,G,H,T,G,E,D,V,K,N,A,?,I,G,V,L,I,G,G,L,E,W,N,D,N,T,V,R,V,T,E,T,I,Q,R,F,A,W,R,S,S,D,E,D,G,R,L,P,L,P,P,N,Q,K,R,K,M,A,R,T,I,E,S,E,V,?,?,?,?,?,?,?,?,1,1
M,D,S,N,T,V,S,S,F,Q,V,D,C,F,L,W,H,V,R,K,R,F,A,D,Q,E,L,G,D,A,P,F,L,D,R,L,R,R,D,Q,K,S,L,R,G,R,G,N,T,L,G,L,D,I,E,T,A,T,R,A,G,K,Q,I,V,E,R,I,L,E,E,E,S,D,E,?,?,?,?,?,A,L,K,M,?,?,?,?,?,P,?,?,?,?,?,A,S,R,Y,L,T,D,M,T,L,E,E,M,S,R,G,W,F,M,L,M,P,K,Q,K,V,A,G,S,L,C,I,K,M,D,Q,A,I,M,D,K,N,I,I,L,K,A,N,F,S,V,I,F,D,R,L,E,T,L,I,L,L,R,A,F,T,E,E,G,A,I,V,G,E,I,S,P,L,P,S,L,P,G,H,T,D,E,D,V,K,N,A,?,I,G,A,L,I,G,G,L,E,W,N,D,N,T,V,R,V,S,E,T,L,Q,R,F,A,W,R,S,S,D,E,D,G,R,P,P,L,P,P,N,Q,K,R,K,M,A,R,T,I,E,S,E,V,?,?,?,?,?,?,?,?,1,1
M,D,S,N,T,I,T,S,F,Q,V,D,C,Y,L,W,H,I,R,K,L,L,S,M,R,D,M,C,D,A,P,F,D,D,R,L,R,R,D,Q,K,A,L,K,G,R,G,S,T,L,G,L,D,L,R,V,A,T,M,E,G,K,K,I,V,E,D,I,L,K,S,E,T,D,E,?,?,?,?,?,N,L,K,I,A,I,A,S,S,P,?,?,?,?,?,A,P,R,Y,I,T,D,M,S,I,E,E,I,S,R,E,W,Y,M,L,M,P,R,Q,K,V,T,G,G,L,M,V,K,M,D,Q,A,I,M,D,K,R,I,I,L,K,A,N,F,S,V,L,F,D,Q,L,E,T,L,V,S,L,R,A,F,T,E,D,G,A,I,V,A,E,I,S,P,I,P,S,M,P,G,H,S,T,E,D,V,K,N,A,?,I,G,I,L,I,D,G,L,E,W,N,D,N,S,I,R,A,S,E,N,I,Q,R,F,A,W,G,I,R,D,E,N,G,G,P,P,L,P,P,K,Q,K,R,?,?,?,?,?,?,?,?,?,?,?,?,?,?,?,?,?,?,0,0
M,D,S,N,T,V,S,S,F,Q,V,D,C,F,L,W,H,V,R,K,R,F,A,D,Q,E,L,G,D,A,P,F,L,D,R,L,R,R,D,Q,K,S,L,R,G,R,G,N,T,L,G,L,D,I,E,T,A,T,R,A,G,K,Q,I,V,E,R,I,L,E,E,E,S,D,E,?,?,?,?,?,A,L,K,M,?,?,?,?,?,P,?,?,?,?,?,T,S,R,Y,L,T,D,M,T,L,E,E,M,S,R,D,W,F,M,L,M,P,K,Q,K,V,A,G,S,L,C,I,K,M,D,Q,A,I,M,D,K,T,I,I,L,K,A,N,F,S,V,I,F,D,R,L,E,T,L,I,L,L,R,A,F,T,E,E,G,A,I,V,G,E,I,S,P,L,P,S,L,P,G,H,T,G,E,D,V,K,N,A,?,I,G,V,L,I,G,G,L,E,W,N,D,N,T,V,R,I,S,E,T,I,Q,R,F,A,W,R,S,S,D,E,D,G,R,L,P,L,P,P,N,Q,K,R,K,M,A,R,T,I,E,S,E,V,?,?,?,?,?,?,?,?,1,1
M,D,S,N,T,V,S,S,F,Q,V,D,C,F,L,W,H,V,R,K,R,F,A,D,Q,E,L,G,D,A,P,F,L,D,R,L,R,R,D,Q,K,S,L,R,G,R,G,N,T,L,G,L,D,I,E,T,A,T,R,V,G,K,Q,I,V,E,R,I,L,D,E,E,S,D,E,?,?,?,?,?,A,F,K,M,?,?,?,?,?,P,?,?,?,?,?,T,S,R,Y,L,T,D,M,T,L,E,E,M,S,R,D,W,F,M,L,M,P,K,Q,K,V,V,G,S,L,C,I,K,M,D,Q,A,M,M,D,K,T,V,I,L,K,A,N,F,G,V,I,F,D,R,L,E,T,L,I,L,L,R,A,F,T,E,E,G,A,I,V,G,E,I,S,P,L,P,S,L,P,G,H,T,S,E,D,V,K,N,A,?,I,G,V,L,I,G,G,L,E,W,N,D,N,T,V,R,I,S,E,T,I,Q,R,F,A,W,R,S,S,D,E,G,G,R,L,P,L,S,P,H,Q,K,R,K,V,A,R,T,I,E,S,E,V,?,?,?,?,?,?,?,?,1,1
M,D,S,N,T,V,S,S,F,Q,V,D,C,F,L,W,H,V,R,K,R,F,A,D,Q,E,L,G,D,A,P,F,L,D,R,L,R,R,D,Q,K,S,L,R,G,R,G,N,T,L,G,L,D,I,E,T,A,T,C,A,G,K,Q,I,V,E,R,I,M,E,E,E,S,D,K,?,?,?,?,?,A,L,K,M,?,?,?,?,?,P,?,?,?,?,?,V,S,R,Y,L,T,D,M,T,L,E,E,M,S,G,D,W,F,M,L,M,P,K,Q,K,V,A,G,S,L,C,I,K,M,D,Q,A,I,M,D,K,A,I,I,L,K,A,N,F,S,V,T,F,G,R,L,E,N,L,I,L,L,R,A,F,T,E,E,G,T,I,V,G,E,I,S,P,L,P,S,L,P,G,H,T,G,E,D,V,K,N,A,?,I,G,I,L,I,G,G,L,E,W,N,D,N,T,V,Q,V,T,E,T,I,Q,R,F,A,W,G,S,S,D,E,V,G,R,P,P,L,P,P,N,Q,N,R,K,V,A,G,T,I,E,S,E,V,?,?,?,?,?,?,?,?,1,1
M,D,S,N,T,I,T,S,F,Q,V,D,C,Y,L,W,H,I,R,K,L,L,S,M,R,D,M,C,D,A,P,F,D,D,R,L,R,R,D,Q,K,A,L,K,G,R,G,S,T,L,G,L,D,L,R,V,A,T,M,E,G,K,K,I,V,E,D,I,L,K,S,E,T,D,E,?,?,?,?,?,N,L,K,I,A,I,A,S,S,P,?,?,?,?,?,A,P,R,Y,I,T,D,M,S,I,E,E,I,S,R,E,W,Y,M,L,M,P,R,Q,K,I,T,G,G,L,M,V,K,M,D,Q,A,I,M,N,K,R,I,I,L,K,A,N,F,S,V,L,F,D,Q,L,E,T,L,V,S,L,R,A,F,T,D,D,G,A,I,V,A,E,I,S,P,I,P,S,M,P,G,H,S,T,E,D,V,K,N,A,?,I,G,I,L,I,G,G,L,E,W,N,D,N,S,I,R,A,S,E,N,I,Q,R,F,A,W,G,V,R,D,E,N,G,G,P,P,L,P,P,K,Q,K,R,Y,M,A,R,R,V,E,S,E,V,?,?,?,?,?,?,?,?,0,0
M,D,S,N,T,V,S,S,F,Q,V,D,C,F,L,W,H,V,R,K,R,F,A,D,Q,E,L,G,D,A,P,F,L,D,R,L,R,R,D,Q,K,S,L,K,G,R,G,S,T,L,G,L,D,I,E,T,A,T,R,A,G,K,Q,I,V,E,R,I,L,E,E,E,S,D,E,?,?,?,?,?,A,L,K,M,T,I,A,S,V,P,?,?,?,?,?,A,S,R,Y,L,T,D,M,T,L,E,E,M,S,R,D,W,F,M,L,M,P,K,Q,K,V,E,G,S,L,C,I,R,M,D,Q,A,I,M,D,K,N,I,I,L,K,A,N,F,S,V,I,F,D,R,L,E,T,L,I,L,L,R,A,F,T,E,E,G,A,I,V,G,E,I,S,P,L,P,S,L,P,G,H,T,D,E,D,V,K,N,A,?,I,G,V,L,I,G,G,L,E,W,N,D,N,T,V,R,V,S,E,T,L,Q,R,F,A,W,R,S,S,N,E,D,G,R,P,P,L,P,P,K,Q,K,R,K,M,A,R,T,I,E,S,E,V,?,?,?,?,?,?,?,?,0,0
M,D,S,N,T,V,S,S,F,Q,V,D,C,F,L,W,H,V,R,K,R,F,A,D,Q,E,L,G,D,A,P,F,L,D,R,L,R,R,D,Q,K,S,L,R,G,R,G,S,T,L,G,L,D,I,E,T,A,T,R,A,G,K,Q,I,V,E,R,I,L,E,E,E,S,D,E,?,?,?,?,?,A,L,K,M,T,I,A,S,V,P,?,?,?,?,?,A,S,R,Y,L,T,D,M,T,L,E,E,M,S,R,D,W,F,M,L,M,P,K,Q,K,V,A,G,S,L,C,I,R,M,D,Q,A,I,M,D,K,N,I,I,L,K,A,N,F,N,V,I,F,N,R,L,E,T,L,I,L,L,R,A,F,T,E,E,G,T,I,V,G,E,I,S,P,L,P,S,L,P,G,H,T,D,E,D,V,K,N,A,?,I,G,V,L,I,G,G,L,E,W,N,D,N,T,V,R,V,S,E,T,I,Q,R,F,A,W,R,S,S,N,E,D,G,R,P,P,L,P,P,K,Q,K,R,K,M,A,R,T,I,E,S,E,V,?,?,?,?,?,?,?,?,0,0
M,D,P,N,T,V,S,S,F,Q,V,D,C,F,L,W,H,V,R,K,R,F,A,D,Q,E,L,G,D,A,P,F,L,D,R,L,R,R,D,Q,K,S,L,R,G,R,G,N,T,L,G,L,D,I,E,T,A,T,R,A,G,K,Q,I,V,E,R,I,L,E,E,E,S,D,E,?,?,?,?,?,A,L,K,M,?,?,?,?,?,P,?,?,?,?,?,A,S,R,Y,L,T,D,M,T,L,E,E,M,S,R,D,W,F,M,L,M,P,K,Q,K,V,A,G,S,L,C,I,K,M,D,Q,A,I,M,D,K,T,I,V,L,K,A,N,F,S,V,F,S,D,R,L,E,T,L,I,L,L,R,A,F,T,E,E,G,A,I,V,G,E,I,S,P,L,P,S,L,P,G,H,T,G,E,D,V,K,N,A,?,I,G,V,L,I,G,G,L,E,W,N,D,N,T,V,Q,V,S,E,T,I,Q,R,F,A,W,R,S,S,D,E,D,R,R,L,P,L,P,P,N,Q,K,R,K,M,A,R,T,I,E,S,E,V,?,?,?,?,?,?,?,?,1,1
M,D,S,N,T,V,S,S,F,Q,V,D,C,F,L,W,H,I,R,K,R,F,A,D,Q,E,L,G,D,A,P,F,L,D,R,L,R,R,D,Q,K,S,L,R,G,R,G,N,T,L,G,L,D,I,E,T,A,T,R,A,G,K,Q,I,V,E,R,I,L,D,E,E,S,D,E,?,?,?,?,?,A,L,K,M,?,?,?,?,?,P,?,?,?,?,?,T,S,R,Y,L,T,D,M,T,L,E,E,M,S,R,D,W,F,M,L,M,P,K,Q,K,V,V,G,S,L,C,I,K,M,D,Q,A,M,M,D,K,T,V,I,L,K,A,N,F,S,V,I,F,D,R,L,E,T,L,I,L,L,R,A,F,T,E,E,G,A,I,V,G,E,I,S,P,L,P,S,L,P,G,H,T,S,E,D,V,K,N,A,?,I,G,V,L,I,G,G,L,E,W,N,D,N,T,V,R,V,S,E,T,I,Q,R,F,A,W,R,S,S,D,E,G,G,R,L,P,L,P,P,N,Q,K,R,K,M,A,R,T,I,E,S,E,V,?,?,?,?,?,?,?,?,1,1
M,D,S,N,T,V,S,S,F,Q,V,D,C,F,L,W,H,V,R,K,R,F,A,D,Q,E,L,G,D,A,P,F,L,D,R,L,R,R,D,Q,K,S,L,R,G,R,G,S,T,I,G,L,D,I,E,T,A,T,R,A,G,K,Q,I,V,E,R,I,L,E,E,E,S,D,E,?,?,?,?,?,A,L,K,M,N,I,T,S,V,P,?,?,?,?,?,A,S,R,Y,L,T,D,M,T,L,E,E,M,S,R,D,W,F,M,L,M,P,K,Q,K,V,A,G,S,L,C,I,R,M,D,Q,A,I,M,D,K,N,I,K,L,K,A,N,F,S,V,I,F,D,R,L,E,T,L,I,L,L,R,A,F,T,E,E,G,A,I,V,G,E,I,S,P,L,P,S,L,P,G,H,T,D,E,D,V,K,N,A,?,I,G,V,L,I,G,G,L,E,W,N,D,N,T,V,Q,V,S,E,T,L,Q,R,F,A,W,R,S,S,N,E,D,G,R,P,P,L,P,P,K,Q,K,R,K,M,A,R,T,I,E,S,E,V,?,?,?,?,?,?,?,?,0,0
M,D,S,N,T,V,S,S,F,Q,V,D,C,F,L,W,H,V,R,K,R,F,A,D,Q,E,L,G,D,A,P,F,L,D,R,L,R,R,D,Q,K,S,L,R,G,R,G,N,T,L,G,L,D,I,E,T,A,T,R,A,G,K,Q,I,V,E,R,I,L,E,E,E,S,D,E,?,?,?,?,?,A,L,K,M,?,?,?,?,?,P,?,?,?,?,?,A,S,R,Y,L,T,D,M,T,L,E,E,M,S,R,D,W,F,M,L,M,P,K,Q,K,V,T,G,S,L,C,I,K,M,D,Q,A,I,M,D,K,T,I,I,L,K,A,N,F,S,V,I,Y,D,R,L,E,T,L,I,L,L,R,A,F,T,E,E,G,A,I,V,G,E,I,S,P,L,P,S,L,P,G,H,T,N,E,D,V,K,N,A,?,I,G,V,L,I,G,G,L,E,W,N,D,N,T,V,R,I,S,E,I,I,Q,R,F,A,W,R,S,I,D,E,G,G,R,L,P,L,P,P,D,Q,K,R,K,M,A,R,T,I,E,P,K,V,?,?,?,?,?,?,?,?,1,1
M,D,S,N,T,V,S,S,F,Q,V,D,C,F,L,W,H,V,R,K,R,F,A,D,Q,E,L,G,D,A,P,F,L,D,R,L,R,R,D,Q,K,S,L,R,G,R,G,N,T,L,G,L,D,I,E,T,A,T,R,A,G,K,Q,I,V,E,R,I,L,E,E,E,S,D,E,?,?,?,?,?,A,L,K,V,?,?,?,?,?,P,?,?,?,?,?,A,S,R,Y,L,T,D,M,T,L,E,E,M,S,R,D,W,F,M,L,M,P,K,Q,K,V,A,G,S,L,C,I,K,M,D,Q,A,I,M,D,K,T,I,I,L,K,A,N,F,S,V,I,F,D,R,L,E,T,L,I,L,L,R,A,F,T,E,E,G,A,I,V,G,E,I,S,P,L,P,S,L,P,G,H,T,G,E,D,V,K,N,A,?,I,G,V,L,I,G,G,L,E,W,N,D,N,T,V,R,V,S,E,T,I,Q,R,F,A,W,R,S,S,D,E,D,G,R,L,P,L,P,P,N,Q,K,R,K,M,A,R,T,I,E,S,E,V,?,?,?,?,?,?,?,?,1,1
M,D,S,N,T,V,S,S,F,Q,V,D,C,F,L,W,H,V,R,K,R,F,A,D,Q,E,L,G,D,A,P,F,L,D,R,L,R,R,D,Q,K,S,L,K,G,R,G,S,T,L,G,L,D,I,K,T,A,T,R,A,G,K,Q,I,V,E,R,I,L,E,K,E,S,D,E,?,?,?,?,?,A,L,K,M,?,?,?,?,?,P,?,?,?,?,?,A,S,R,Y,L,T,D,M,T,L,E,E,M,S,R,D,W,F,M,L,M,P,K,Q,K,V,T,G,S,L,C,I,K,M,D,Q,A,I,M,D,K,T,I,I,L,K,A,N,F,S,V,I,Y,D,R,L,E,T,L,I,L,L,R,A,F,T,E,E,G,A,I,V,G,E,I,S,P,L,P,S,L,P,G,H,T,S,E,D,V,K,N,A,?,I,G,V,L,I,G,G,L,E,W,N,D,N,T,V,R,V,S,E,I,V,Q,R,F,A,W,R,S,I,D,K,D,G,R,L,P,L,P,S,D,Q,K,W,K,M,A,G,T,I,E,S,E,V,?,?,?,?,?,?,?,?,1,1
M,D,S,N,T,V,S,S,F,Q,V,D,C,F,L,W,H,V,R,K,R,F,A,D,Q,E,L,G,D,A,P,F,L,D,R,L,R,R,D,Q,K,S,L,R,G,R,G,S,T,L,G,L,N,I,E,T,A,T,R,A,G,K,Q,I,V,E,R,I,L,E,E,E,S,D,E,?,?,?,?,?,A,L,K,M,T,I,A,S,V,P,?,?,?,?,?,A,S,R,Y,L,T,D,M,T,L,E,E,M,S,R,D,W,F,M,L,M,P,K,Q,K,I,A,G,S,L,C,I,R,M,D,Q,A,I,M,D,K,N,I,I,L,K,A,N,F,S,V,I,F,D,R,L,E,T,L,I,L,L,R,A,F,T,E,E,G,A,I,V,G,E,I,S,P,L,P,S,L,P,G,H,T,D,E,D,V,K,N,A,?,I,G,V,L,I,G,G,L,E,W,N,D,N,T,V,R,V,S,E,T,L,Q,R,F,A,W,R,S,C,N,E,D,G,R,P,P,L,P,P,K,Q,K,R,K,M,A,R,T,I,E,S,E,V,?,?,?,?,?,?,?,?,0,0
M,D,S,N,T,V,S,S,F,Q,V,D,C,F,L,W,H,V,R,K,R,F,A,D,Q,E,L,G,D,A,P,F,L,D,R,L,R,R,D,Q,K,S,L,R,G,R,G,S,T,L,G,L,D,I,E,T,A,T,R,A,G,K,Q,I,V,E,R,I,L,E,E,E,S,D,E,?,?,?,?,?,A,L,K,M,T,I,A,S,V,P,?,?,?,?,?,A,S,R,Y,L,T,D,M,T,L,E,E,M,S,R,D,W,F,M,L,M,P,K,Q,K,V,A,G,S,L,C,I,R,M,D,Q,A,I,M,D,K,N,I,T,L,K,A,N,F,S,V,I,F,G,R,L,E,T,L,I,L,L,R,A,F,T,E,E,G,A,I,V,G,E,I,S,P,L,P,S,L,P,G,H,T,D,E,D,V,K,N,A,?,I,G,V,L,I,G,G,L,E,W,N,D,N,T,V,R,V,S,E,T,L,Q,R,F,A,W,R,S,S,N,E,D,G,R,P,P,L,P,P,K,Q,K,R,K,M,A,R,T,I,E,S,E,V,?,?,?,?,?,?,?,?,0,0
M,D,S,N,T,V,S,S,F,Q,V,D,C,F,L,W,H,V,R,K,R,F,A,D,Q,E,L,G,D,A,P,F,L,D,R,L,R,R,D,Q,K,S,L,R,G,R,G,S,T,L,G,L,D,I,E,T,A,T,R,A,G,K,Q,I,V,E,R,I,L,E,E,E,S,D,E,?,?,?,?,?,A,L,K,M,T,I,A,S,V,P,?,?,?,?,?,A,S,R,Y,L,T,D,M,N,L,E,E,M,S,R,D,W,F,M,L,M,P,K,Q,K,V,A,G,S,L,C,I,R,M,D,Q,A,I,M,D,K,N,I,I,L,K,A,N,F,S,V,I,F,D,R,L,E,T,L,I,L,L,R,A,F,T,E,E,G,A,I,V,G,E,I,S,P,L,P,S,L,P,G,H,T,D,E,D,V,K,N,A,?,I,G,V,L,I,G,G,L,E,W,N,D,N,T,V,R,V,S,E,T,L,Q,R,F,A,W,R,S,C,N,E,D,G,R,P,P,L,P,P,K,Q,K,R,K,M,A,R,T,I,E,S,E,V,?,?,?,?,?,?,?,?,0,0
M,D,S,N,T,V,S,S,F,Q,V,D,C,F,L,W,H,V,R,K,R,F,A,D,Q,E,L,G,D,A,P,F,L,D,R,L,R,R,D,Q,K,S,L,R,G,R,G,N,T,L,G,L,D,I,E,T,A,T,R,A,G,K,Q,I,V,E,R,I,L,E,E,E,S,D,E,?,?,?,?,?,A,L,K,M,?,?,?,?,?,P,?,?,?,?,?,T,S,R,Y,L,T,D,M,T,L,E,E,M,S,R,D,W,F,M,L,M,P,K,H,K,V,A,G,S,L,C,I,K,M,D,Q,A,I,M,D,K,T,I,I,L,K,A,N,F,S,V,I,F,D,R,L,E,T,L,I,L,L,R,A,F,T,E,E,G,A,I,V,G,E,I,S,P,L,P,S,L,P,G,H,T,G,E,D,V,K,N,A,?,I,G,V,L,I,G,G,L,E,W,N,D,N,T,V,R,V,S,E,T,I,Q,R,Y,A,W,R,S,S,D,E,D,G,R,L,P,L,L,P,N,Q,K,R,K,M,A,R,T,I,E,S,E,V,?,?,?,?,?,?,?,?,1,1
M,D,S,N,T,V,S,S,F,Q,V,D,C,F,L,W,H,V,R,K,R,F,A,D,Q,E,L,G,D,A,P,F,L,D,R,L,R,R,D,Q,K,S,L,R,G,R,G,S,T,L,G,L,D,I,E,T,A,T,R,A,G,K,Q,I,V,E,R,I,L,E,E,E,S,D,E,?,?,?,?,?,A,L,K,M,T,I,A,S,V,P,?,?,?,?,?,A,S,R,Y,L,T,D,M,T,L,E,E,M,S,R,E,W,F,M,L,M,P,K,Q,K,V,A,G,T,L,C,I,R,M,D,Q,A,I,M,D,K,N,I,I,L,K,A,N,F,S,V,I,F,D,R,L,E,T,L,I,L,L,R,A,F,T,E,D,G,A,I,V,G,E,I,S,P,L,P,S,L,P,G,H,T,D,E,D,V,K,N,A,?,I,G,V,L,I,G,G,L,E,W,N,D,N,T,V,R,V,S,E,T,L,Q,R,F,A,W,R,S,S,N,E,D,G,R,P,P,L,P,P,K,Q,K,R,K,M,A,R,T,I,E,S,E,V,?,?,?,?,?,?,?,?,0,0
